stars_join,reg_date,crawl_date,view_cnt,stars,title,webtoon_id,author,ep_id
264,2014.11.22,2015.07.27,16048,9.76,스피너즈,640837,cd_rom03,2
224,2014.11.29,2015.07.27,12422,9.79,스피너즈,640837,cd_rom03,3
220,2014.12.06,2015.07.27,11466,9.75,스피너즈,640837,cd_rom03,4
235,2014.12.13,2015.07.27,11981,9.76,스피너즈,640837,cd_rom03,5
214,2014.12.20,2015.07.27,10843,9.74,스피너즈,640837,cd_rom03,6
213,2014.12.27,2015.07.27,10881,9.74,스피너즈,640837,cd_rom03,7
169,2015.01.03,2015.07.27,7312,9.67,스피너즈,640837,cd_rom03,8
191,2015.01.10,2015.07.27,6127,9.70,스피너즈,640837,cd_rom03,9
213,2015.01.18,2015.07.27,10827,9.69,스피너즈,640837,cd_rom03,10
211,2015.01.26,2015.07.27,11523,9.73,스피너즈,640837,cd_rom03,11
212,2015.02.04,2015.07.27,10615,9.65,스피너즈,640837,cd_rom03,12
205,2015.02.13,2015.07.27,13028,9.51,스피너즈,640837,cd_rom03,13
232,2015.02.27,2015.07.27,10110,9.72,스피너즈,640837,cd_rom03,14
237,2015.03.08,2015.07.27,10362,9.69,스피너즈,640837,cd_rom03,15
215,2015.03.19,2015.07.27,10910,9.61,스피너즈,640837,cd_rom03,16
205,2015.03.28,2015.07.27,9554,9.63,스피너즈,640837,cd_rom03,17
203,2015.04.06,2015.07.27,9948,9.75,스피너즈,640837,cd_rom03,18
184,2015.04.16,2015.07.27,7023,9.65,스피너즈,640837,cd_rom03,19
204,2015.04.22,2015.07.27,8822,9.76,스피너즈,640837,cd_rom03,21
202,2015.05.02,2015.07.27,7966,9.50,스피너즈,640837,cd_rom03,22
167,2015.05.14,2015.07.27,6990,9.66,스피너즈,640837,cd_rom03,23
151,2015.05.22,2015.07.27,5303,9.70,스피너즈,640837,cd_rom03,24
170,2015.05.30,2015.07.27,6405,9.66,스피너즈,640837,cd_rom03,25
220,2015.06.07,2015.07.27,6400,9.93,스피너즈,640837,cd_rom03,26
192,2015.06.17,2015.07.27,6610,9.85,스피너즈,640837,cd_rom03,27
160,2015.06.26,2015.07.27,5674,9.88,스피너즈,640837,cd_rom03,28
164,2015.07.07,2015.07.27,5954,9.92,스피너즈,640837,cd_rom03,29
99,2015.07.15,2015.07.27,2927,9.88,스피너즈,640837,cd_rom03,30
147,2015.07.18,2015.07.27,6145,9.92,스피너즈,640837,cd_rom03,31
7,2015.07.27,2015.07.27,64,10.00,스피너즈,640837,cd_rom03,32
284,2014.06.02,2015.07.27,19317,9.86,송양 게스트 하우스,602595,euissom24,6
282,2014.06.03,2015.07.27,15916,9.84,송양 게스트 하우스,602595,euissom24,7
277,2014.06.15,2015.07.27,14017,9.87,송양 게스트 하우스,602595,euissom24,8
275,2014.06.19,2015.07.27,13484,9.92,송양 게스트 하우스,602595,euissom24,9
250,2014.08.28,2015.07.27,12537,9.91,송양 게스트 하우스,602595,euissom24,10
322,2014.09.06,2015.07.27,12274,9.93,송양 게스트 하우스,602595,euissom24,11
245,2014.10.26,2015.07.27,10800,9.81,송양 게스트 하우스,602595,euissom24,12
229,2014.11.18,2015.07.27,10646,9.79,송양 게스트 하우스,602595,euissom24,13
232,2014.11.19,2015.07.27,10680,9.84,송양 게스트 하우스,602595,euissom24,14
213,2014.11.26,2015.07.27,10128,9.92,송양 게스트 하우스,602595,euissom24,15
239,2014.12.03,2015.07.27,9444,9.92,송양 게스트 하우스,602595,euissom24,16
224,2014.12.06,2015.07.27,9355,9.88,송양 게스트 하우스,602595,euissom24,17
191,2014.12.10,2015.07.27,9174,9.91,송양 게스트 하우스,602595,euissom24,18
200,2015.01.01,2015.07.27,8526,9.91,송양 게스트 하우스,602595,euissom24,19
209,2015.01.04,2015.07.27,8800,9.91,송양 게스트 하우스,602595,euissom24,20
209,2015.01.06,2015.07.27,8040,9.95,송양 게스트 하우스,602595,euissom24,21
199,2015.01.11,2015.07.27,8119,9.91,송양 게스트 하우스,602595,euissom24,22
187,2015.01.18,2015.07.27,7769,9.95,송양 게스트 하우스,602595,euissom24,23
185,2015.01.24,2015.07.27,7364,9.95,송양 게스트 하우스,602595,euissom24,24
185,2015.02.01,2015.07.27,7087,9.95,송양 게스트 하우스,602595,euissom24,25
201,2015.02.08,2015.07.27,7667,9.91,송양 게스트 하우스,602595,euissom24,26
193,2015.02.17,2015.07.27,6332,9.84,송양 게스트 하우스,602595,euissom24,27
189,2015.02.22,2015.07.27,6742,9.76,송양 게스트 하우스,602595,euissom24,28
211,2015.02.27,2015.07.27,5633,9.87,송양 게스트 하우스,602595,euissom24,29
211,2015.03.05,2015.07.27,5793,9.67,송양 게스트 하우스,602595,euissom24,30
240,2015.03.12,2015.07.27,5566,9.85,송양 게스트 하우스,602595,euissom24,31
203,2015.03.17,2015.07.27,5350,9.87,송양 게스트 하우스,602595,euissom24,32
177,2015.03.24,2015.07.27,5050,10.00,송양 게스트 하우스,602595,euissom24,33
169,2015.04.11,2015.07.27,4562,9.84,송양 게스트 하우스,602595,euissom24,34
167,2015.04.18,2015.07.27,3876,9.95,송양 게스트 하우스,602595,euissom24,35
142,2015.04.24,2015.07.27,3394,9.87,송양 게스트 하우스,602595,euissom24,36
166,2015.05.03,2015.07.27,3631,9.89,송양 게스트 하우스,602595,euissom24,37
138,2015.05.17,2015.07.27,2804,9.93,송양 게스트 하우스,602595,euissom24,38
17,2015.07.27,2015.07.27,213,9.47,송양 게스트 하우스,602595,euissom24,39
3081,2015.01.06,2015.07.27,225627,9.83,하나밖에 안 보여!,644886,bbang_kong,2
3165,2015.01.08,2015.07.27,200976,9.86,하나밖에 안 보여!,644886,bbang_kong,3
3148,2015.01.11,2015.07.27,193449,9.87,하나밖에 안 보여!,644886,bbang_kong,4
2984,2015.01.13,2015.07.27,188328,9.87,하나밖에 안 보여!,644886,bbang_kong,5
3070,2015.01.17,2015.07.27,183731,9.87,하나밖에 안 보여!,644886,bbang_kong,6
3020,2015.01.20,2015.07.27,179953,9.87,하나밖에 안 보여!,644886,bbang_kong,7
3107,2015.01.24,2015.07.27,180309,9.88,하나밖에 안 보여!,644886,bbang_kong,8
2941,2015.01.28,2015.07.27,177106,9.87,하나밖에 안 보여!,644886,bbang_kong,9
3141,2015.01.31,2015.07.27,176944,9.88,하나밖에 안 보여!,644886,bbang_kong,10
3330,2015.02.04,2015.07.27,169512,9.89,하나밖에 안 보여!,644886,bbang_kong,11
3933,2015.02.07,2015.07.27,170389,9.89,하나밖에 안 보여!,644886,bbang_kong,12
3418,2015.02.18,2015.07.27,148339,9.89,하나밖에 안 보여!,644886,bbang_kong,14
2679,2015.02.21,2015.07.27,140388,9.87,하나밖에 안 보여!,644886,bbang_kong,15
3369,2015.03.08,2015.07.27,171077,9.87,하나밖에 안 보여!,644886,bbang_kong,17
3116,2015.04.06,2015.07.27,157833,9.88,하나밖에 안 보여!,644886,bbang_kong,18
2777,2015.05.01,2015.07.27,126570,9.87,하나밖에 안 보여!,644886,bbang_kong,19
3070,2015.05.08,2015.07.27,152045,9.83,하나밖에 안 보여!,644886,bbang_kong,20
2944,2015.06.11,2015.07.27,105018,9.84,하나밖에 안 보여!,644886,bbang_kong,21
3150,2015.06.20,2015.07.27,112988,9.88,하나밖에 안 보여!,644886,bbang_kong,22
2972,2015.07.12,2015.07.27,90022,9.89,하나밖에 안 보여!,644886,bbang_kong,23
2308,2015.07.21,2015.07.27,56698,9.85,하나밖에 안 보여!,644886,bbang_kong,24
402,2015.07.27,2015.07.27,4105,9.90,하나밖에 안 보여!,644886,bbang_kong,25
1265,2014.11.10,2015.07.27,116974,9.89,페툰 (People and People Toon),640546,fetoon,2
1117,2014.11.12,2015.07.27,104628,9.92,페툰 (People and People Toon),640546,fetoon,3
1129,2014.11.14,2015.07.27,103461,9.92,페툰 (People and People Toon),640546,fetoon,4
1115,2014.11.17,2015.07.27,97465,9.88,페툰 (People and People Toon),640546,fetoon,5
1104,2014.11.19,2015.07.27,94212,9.88,페툰 (People and People Toon),640546,fetoon,6
1005,2014.11.21,2015.07.27,88738,9.91,페툰 (People and People Toon),640546,fetoon,7
1028,2014.11.24,2015.07.27,83955,9.91,페툰 (People and People Toon),640546,fetoon,8
1110,2014.11.26,2015.07.27,81805,9.91,페툰 (People and People Toon),640546,fetoon,9
1067,2014.11.28,2015.07.27,82504,9.90,페툰 (People and People Toon),640546,fetoon,10
1074,2014.12.01,2015.07.27,79128,9.90,페툰 (People and People Toon),640546,fetoon,11
1086,2014.12.03,2015.07.27,78888,9.92,페툰 (People and People Toon),640546,fetoon,12
986,2014.12.05,2015.07.27,78004,9.92,페툰 (People and People Toon),640546,fetoon,13
1026,2014.12.08,2015.07.27,76398,9.90,페툰 (People and People Toon),640546,fetoon,14
1038,2014.12.10,2015.07.27,76349,9.93,페툰 (People and People Toon),640546,fetoon,15
1031,2014.12.12,2015.07.27,75781,9.93,페툰 (People and People Toon),640546,fetoon,16
927,2014.12.15,2015.07.27,76570,9.89,페툰 (People and People Toon),640546,fetoon,17
992,2014.12.17,2015.07.27,71930,9.89,페툰 (People and People Toon),640546,fetoon,18
1084,2014.12.19,2015.07.27,70628,9.91,페툰 (People and People Toon),640546,fetoon,19
932,2014.12.22,2015.07.27,71229,9.91,페툰 (People and People Toon),640546,fetoon,20
844,2014.12.24,2015.07.27,66754,9.90,페툰 (People and People Toon),640546,fetoon,21
957,2014.12.26,2015.07.27,69287,9.91,페툰 (People and People Toon),640546,fetoon,22
890,2014.12.29,2015.07.27,67792,9.93,페툰 (People and People Toon),640546,fetoon,23
939,2015.01.02,2015.07.27,67319,9.95,페툰 (People and People Toon),640546,fetoon,24
844,2015.01.05,2015.07.27,59803,9.91,페툰 (People and People Toon),640546,fetoon,25
899,2015.01.07,2015.07.27,64799,9.90,페툰 (People and People Toon),640546,fetoon,26
899,2015.01.12,2015.07.27,64607,9.92,페툰 (People and People Toon),640546,fetoon,27
889,2015.01.14,2015.07.27,59585,9.89,페툰 (People and People Toon),640546,fetoon,28
888,2015.01.19,2015.07.27,59090,9.91,페툰 (People and People Toon),640546,fetoon,29
871,2015.01.21,2015.07.27,58167,9.91,페툰 (People and People Toon),640546,fetoon,30
885,2015.01.26,2015.07.27,57572,9.90,페툰 (People and People Toon),640546,fetoon,31
884,2015.01.28,2015.07.27,53695,9.93,페툰 (People and People Toon),640546,fetoon,32
1109,2015.02.02,2015.07.27,52691,9.92,페툰 (People and People Toon),640546,fetoon,33
900,2015.02.04,2015.07.27,50446,9.91,페툰 (People and People Toon),640546,fetoon,34
1175,2015.02.09,2015.07.27,52445,9.92,페툰 (People and People Toon),640546,fetoon,35
1071,2015.02.11,2015.07.27,47157,9.90,페툰 (People and People Toon),640546,fetoon,36
1087,2015.02.16,2015.07.27,50506,9.90,페툰 (People and People Toon),640546,fetoon,37
983,2015.02.23,2015.07.27,49728,9.83,페툰 (People and People Toon),640546,fetoon,38
1039,2015.02.25,2015.07.27,53289,9.89,페툰 (People and People Toon),640546,fetoon,39
927,2015.03.02,2015.07.27,45980,9.89,페툰 (People and People Toon),640546,fetoon,40
881,2015.03.04,2015.07.27,45831,9.89,페툰 (People and People Toon),640546,fetoon,41
976,2015.03.11,2015.07.27,48709,9.90,페툰 (People and People Toon),640546,fetoon,42
890,2015.03.18,2015.07.27,49507,9.86,페툰 (People and People Toon),640546,fetoon,43
1083,2015.03.25,2015.07.27,44891,9.87,페툰 (People and People Toon),640546,fetoon,44
855,2015.04.01,2015.07.27,41258,9.85,페툰 (People and People Toon),640546,fetoon,45
1029,2015.04.08,2015.07.27,45891,9.83,페툰 (People and People Toon),640546,fetoon,46
850,2015.04.15,2015.07.27,40533,9.89,페툰 (People and People Toon),640546,fetoon,47
818,2015.04.22,2015.07.27,32508,9.87,페툰 (People and People Toon),640546,fetoon,48
836,2015.04.27,2015.07.27,39990,9.89,페툰 (People and People Toon),640546,fetoon,49
867,2015.04.29,2015.07.27,39901,9.86,페툰 (People and People Toon),640546,fetoon,50
1531,2015.05.20,2015.07.27,33023,9.91,페툰 (People and People Toon),640546,fetoon,51
869,2015.06.04,2015.07.27,29632,9.87,페툰 (People and People Toon),640546,fetoon,52
794,2015.06.11,2015.07.27,23997,9.87,페툰 (People and People Toon),640546,fetoon,53
680,2015.06.18,2015.07.27,24906,9.91,페툰 (People and People Toon),640546,fetoon,54
651,2015.06.27,2015.07.27,21176,9.88,페툰 (People and People Toon),640546,fetoon,55
634,2015.07.03,2015.07.27,20776,9.85,페툰 (People and People Toon),640546,fetoon,56
552,2015.07.13,2015.07.27,17998,9.84,페툰 (People and People Toon),640546,fetoon,57
585,2015.07.20,2015.07.27,13982,9.74,페툰 (People and People Toon),640546,fetoon,58
111,2015.07.27,2015.07.27,2076,9.86,페툰 (People and People Toon),640546,fetoon,59
374,2015.05.07,2015.07.27,21741,9.93,혼자사는여자,654314,comicred,2
359,2015.05.08,2015.07.27,20110,9.92,혼자사는여자,654314,comicred,3
332,2015.05.09,2015.07.27,18340,9.90,혼자사는여자,654314,comicred,4
314,2015.05.10,2015.07.27,17077,9.92,혼자사는여자,654314,comicred,5
431,2015.05.11,2015.07.27,16051,9.92,혼자사는여자,654314,comicred,6
396,2015.05.12,2015.07.27,14985,9.93,혼자사는여자,654314,comicred,7
319,2015.05.13,2015.07.27,14200,9.93,혼자사는여자,654314,comicred,8
304,2015.05.14,2015.07.27,13648,9.94,혼자사는여자,654314,comicred,9
336,2015.05.15,2015.07.27,13314,9.92,혼자사는여자,654314,comicred,10
296,2015.05.16,2015.07.27,12873,9.94,혼자사는여자,654314,comicred,11
265,2015.05.17,2015.07.27,12337,9.92,혼자사는여자,654314,comicred,12
282,2015.05.18,2015.07.27,12302,9.87,혼자사는여자,654314,comicred,13
286,2015.05.19,2015.07.27,12023,9.90,혼자사는여자,654314,comicred,14
324,2015.05.20,2015.07.27,11834,9.94,혼자사는여자,654314,comicred,15
296,2015.05.21,2015.07.27,11695,9.94,혼자사는여자,654314,comicred,16
309,2015.05.22,2015.07.27,11406,9.94,혼자사는여자,654314,comicred,17
291,2015.05.23,2015.07.27,11221,9.93,혼자사는여자,654314,comicred,18
257,2015.05.24,2015.07.27,10899,9.93,혼자사는여자,654314,comicred,19
254,2015.05.25,2015.07.27,10843,9.93,혼자사는여자,654314,comicred,20
260,2015.05.26,2015.07.27,10336,9.93,혼자사는여자,654314,comicred,21
246,2015.05.27,2015.07.27,10297,9.92,혼자사는여자,654314,comicred,22
284,2015.05.28,2015.07.27,10117,9.92,혼자사는여자,654314,comicred,23
248,2015.05.29,2015.07.27,9716,9.92,혼자사는여자,654314,comicred,24
250,2015.05.30,2015.07.27,9553,9.92,혼자사는여자,654314,comicred,25
237,2015.05.31,2015.07.27,9623,9.92,혼자사는여자,654314,comicred,26
233,2015.06.01,2015.07.27,9245,9.92,혼자사는여자,654314,comicred,27
231,2015.06.02,2015.07.27,9005,9.92,혼자사는여자,654314,comicred,28
246,2015.06.03,2015.07.27,8727,9.92,혼자사는여자,654314,comicred,29
242,2015.06.04,2015.07.27,8764,9.92,혼자사는여자,654314,comicred,30
231,2015.06.05,2015.07.27,8703,9.92,혼자사는여자,654314,comicred,31
234,2015.06.06,2015.07.27,9050,9.92,혼자사는여자,654314,comicred,32
205,2015.06.07,2015.07.27,8909,9.91,혼자사는여자,654314,comicred,33
210,2015.06.08,2015.07.27,8503,9.91,혼자사는여자,654314,comicred,34
224,2015.06.09,2015.07.27,8422,9.92,혼자사는여자,654314,comicred,35
232,2015.06.10,2015.07.27,8462,9.92,혼자사는여자,654314,comicred,36
226,2015.06.11,2015.07.27,8372,9.92,혼자사는여자,654314,comicred,37
216,2015.06.12,2015.07.27,8188,9.91,혼자사는여자,654314,comicred,38
221,2015.06.13,2015.07.27,8343,9.91,혼자사는여자,654314,comicred,39
203,2015.06.14,2015.07.27,7746,9.91,혼자사는여자,654314,comicred,40
223,2015.06.15,2015.07.27,8172,9.92,혼자사는여자,654314,comicred,41
252,2015.06.16,2015.07.27,8381,9.92,혼자사는여자,654314,comicred,42
223,2015.06.17,2015.07.27,8555,9.87,혼자사는여자,654314,comicred,43
229,2015.06.18,2015.07.27,8615,9.92,혼자사는여자,654314,comicred,44
226,2015.06.19,2015.07.27,7799,9.92,혼자사는여자,654314,comicred,45
242,2015.06.22,2015.07.27,9655,9.92,혼자사는여자,654314,comicred,46
231,2015.06.23,2015.07.27,8335,9.92,혼자사는여자,654314,comicred,47
251,2015.06.24,2015.07.27,8856,9.92,혼자사는여자,654314,comicred,48
240,2015.06.26,2015.07.27,8658,9.92,혼자사는여자,654314,comicred,49
211,2015.06.26,2015.07.27,8483,9.91,혼자사는여자,654314,comicred,50
226,2015.06.27,2015.07.27,9633,9.84,혼자사는여자,654314,comicred,51
228,2015.06.28,2015.07.27,9430,9.73,혼자사는여자,654314,comicred,52
231,2015.06.29,2015.07.27,8938,9.92,혼자사는여자,654314,comicred,53
308,2015.06.30,2015.07.27,8862,9.85,혼자사는여자,654314,comicred,54
272,2015.07.01,2015.07.27,8914,9.88,혼자사는여자,654314,comicred,55
273,2015.07.03,2015.07.27,8694,9.86,혼자사는여자,654314,comicred,56
254,2015.07.03,2015.07.27,8092,9.85,혼자사는여자,654314,comicred,57
260,2015.07.04,2015.07.27,8581,9.85,혼자사는여자,654314,comicred,58
219,2015.07.05,2015.07.27,7893,9.66,혼자사는여자,654314,comicred,59
262,2015.07.06,2015.07.27,7974,9.93,혼자사는여자,654314,comicred,60
245,2015.07.07,2015.07.27,7600,9.88,혼자사는여자,654314,comicred,61
256,2015.07.08,2015.07.27,7518,9.93,혼자사는여자,654314,comicred,62
251,2015.07.09,2015.07.27,7820,9.89,혼자사는여자,654314,comicred,63
222,2015.07.10,2015.07.27,7634,9.87,혼자사는여자,654314,comicred,64
223,2015.07.13,2015.07.27,6665,9.85,혼자사는여자,654314,comicred,65
224,2015.07.14,2015.07.27,6716,9.84,혼자사는여자,654314,comicred,66
190,2015.07.15,2015.07.27,6304,9.82,혼자사는여자,654314,comicred,67
229,2015.07.16,2015.07.27,5936,9.76,혼자사는여자,654314,comicred,68
234,2015.07.17,2015.07.27,5658,9.88,혼자사는여자,654314,comicred,69
271,2015.07.18,2015.07.27,6183,9.82,혼자사는여자,654314,comicred,70
186,2015.07.19,2015.07.27,3791,9.61,혼자사는여자,654314,comicred,71
231,2015.07.21,2015.07.27,5400,9.73,혼자사는여자,654314,comicred,72
185,2015.07.21,2015.07.27,4563,9.84,혼자사는여자,654314,comicred,73
180,2015.07.23,2015.07.27,4258,9.90,혼자사는여자,654314,comicred,74
139,2015.07.23,2015.07.27,3552,9.81,혼자사는여자,654314,comicred,75
162,2015.07.25,2015.07.27,3628,9.84,혼자사는여자,654314,comicred,76
156,2015.07.25,2015.07.27,3611,9.88,혼자사는여자,654314,comicred,77
106,2015.07.26,2015.07.27,1770,9.92,혼자사는여자,654314,comicred,79
62,2015.07.27,2015.07.27,601,9.56,혼자사는여자,654314,comicred,80
202,2014.10.06,2015.07.27,7882,9.86,별끝에서 땅끝까지,637249,bgyo1119,2
198,2014.10.13,2015.07.27,5983,9.95,별끝에서 땅끝까지,637249,bgyo1119,3
148,2014.10.20,2015.07.27,5456,9.94,별끝에서 땅끝까지,637249,bgyo1119,4
166,2014.10.27,2015.07.27,37234,9.43,별끝에서 땅끝까지,637249,bgyo1119,5
133,2014.11.03,2015.07.27,5609,9.93,별끝에서 땅끝까지,637249,bgyo1119,6
137,2014.11.10,2015.07.27,5074,9.86,별끝에서 땅끝까지,637249,bgyo1119,7
122,2014.11.17,2015.07.27,4703,9.78,별끝에서 땅끝까지,637249,bgyo1119,9
145,2014.11.24,2015.07.27,4863,9.81,별끝에서 땅끝까지,637249,bgyo1119,10
132,2014.12.01,2015.07.27,32181,9.93,별끝에서 땅끝까지,637249,bgyo1119,11
114,2014.12.09,2015.07.27,4349,9.92,별끝에서 땅끝까지,637249,bgyo1119,12
109,2014.12.22,2015.07.27,4058,9.92,별끝에서 땅끝까지,637249,bgyo1119,13
119,2014.12.30,2015.07.27,4125,9.85,별끝에서 땅끝까지,637249,bgyo1119,14
133,2015.01.05,2015.07.27,3209,9.81,별끝에서 땅끝까지,637249,bgyo1119,15
110,2015.01.12,2015.07.27,3806,9.92,별끝에서 땅끝까지,637249,bgyo1119,16
119,2015.01.20,2015.07.27,3816,9.55,별끝에서 땅끝까지,637249,bgyo1119,17
106,2015.02.02,2015.07.27,3537,9.80,별끝에서 땅끝까지,637249,bgyo1119,18
87,2015.02.10,2015.07.27,3017,9.90,별끝에서 땅끝까지,637249,bgyo1119,19
104,2015.02.17,2015.07.27,2931,9.84,별끝에서 땅끝까지,637249,bgyo1119,20
106,2015.02.23,2015.07.27,2782,9.58,별끝에서 땅끝까지,637249,bgyo1119,22
84,2015.03.03,2015.07.27,2776,9.89,별끝에서 땅끝까지,637249,bgyo1119,23
85,2015.03.10,2015.07.27,2891,9.79,별끝에서 땅끝까지,637249,bgyo1119,24
53,2015.03.16,2015.07.27,1193,9.66,별끝에서 땅끝까지,637249,bgyo1119,26
75,2015.03.23,2015.07.27,2990,9.76,별끝에서 땅끝까지,637249,bgyo1119,27
82,2015.03.30,2015.07.27,2907,9.84,별끝에서 땅끝까지,637249,bgyo1119,28
98,2015.04.06,2015.07.27,3033,9.90,별끝에서 땅끝까지,637249,bgyo1119,29
80,2015.04.13,2015.07.27,1953,9.64,별끝에서 땅끝까지,637249,bgyo1119,30
85,2015.05.04,2015.07.27,2680,9.87,별끝에서 땅끝까지,637249,bgyo1119,31
73,2015.05.11,2015.07.27,3423,9.88,별끝에서 땅끝까지,637249,bgyo1119,32
90,2015.05.18,2015.07.27,2321,9.86,별끝에서 땅끝까지,637249,bgyo1119,33
97,2015.05.25,2015.07.27,2248,9.81,별끝에서 땅끝까지,637249,bgyo1119,34
89,2015.06.01,2015.07.27,2271,9.84,별끝에서 땅끝까지,637249,bgyo1119,35
78,2015.06.08,2015.07.27,2037,9.77,별끝에서 땅끝까지,637249,bgyo1119,36
87,2015.06.15,2015.07.27,3726,9.79,별끝에서 땅끝까지,637249,bgyo1119,37
77,2015.06.22,2015.07.27,1852,9.77,별끝에서 땅끝까지,637249,bgyo1119,38
75,2015.06.29,2015.07.27,1830,9.76,별끝에서 땅끝까지,637249,bgyo1119,39
76,2015.07.06,2015.07.27,1667,9.76,별끝에서 땅끝까지,637249,bgyo1119,40
75,2015.07.13,2015.07.27,1497,9.76,별끝에서 땅끝까지,637249,bgyo1119,41
83,2015.07.20,2015.07.27,1192,9.88,별끝에서 땅끝까지,637249,bgyo1119,42
22,2015.07.27,2015.07.27,174,9.59,별끝에서 땅끝까지,637249,bgyo1119,43
1496,2012.04.14,2015.07.27,202890,9.86,카니발라이즈,443185,guy0914,11
1643,2012.04.28,2015.07.27,146735,9.90,카니발라이즈,443185,guy0914,12
1394,2012.05.05,2015.07.27,137812,9.83,카니발라이즈,443185,guy0914,14
1310,2012.05.12,2015.07.27,142256,9.87,카니발라이즈,443185,guy0914,15
1397,2012.05.19,2015.07.27,125646,9.87,카니발라이즈,443185,guy0914,16
1253,2012.06.02,2015.07.27,120938,9.86,카니발라이즈,443185,guy0914,18
1280,2012.11.28,2015.07.27,96740,9.89,카니발라이즈,443185,guy0914,35
990,2012.12.13,2015.07.27,88773,9.88,카니발라이즈,443185,guy0914,36
1226,2012.12.20,2015.07.27,85115,9.89,카니발라이즈,443185,guy0914,37
1327,2012.12.27,2015.07.27,79419,9.89,카니발라이즈,443185,guy0914,39
1112,2013.01.03,2015.07.27,73744,9.88,카니발라이즈,443185,guy0914,40
1483,2013.01.10,2015.07.27,74095,9.94,카니발라이즈,443185,guy0914,41
1195,2013.01.17,2015.07.27,72087,9.89,카니발라이즈,443185,guy0914,42
1047,2013.01.24,2015.07.27,72464,9.84,카니발라이즈,443185,guy0914,43
1075,2013.01.30,2015.07.27,84628,9.88,카니발라이즈,443185,guy0914,44
744,2014.08.08,2015.07.27,44801,9.87,카니발라이즈,443185,guy0914,46
550,2014.12.26,2015.07.27,35688,9.90,카니발라이즈,443185,guy0914,51
266,2015.07.19,2015.07.27,10497,9.93,카니발라이즈,443185,guy0914,56
52,2015.07.27,2015.07.27,1109,9.65,카니발라이즈,443185,guy0914,57
355,2014.11.18,2015.07.27,15201,9.87,502호의 묘책,641188,indra19,2
339,2014.11.19,2015.07.27,14533,9.87,502호의 묘책,641188,indra19,4
353,2014.11.25,2015.07.27,13398,9.90,502호의 묘책,641188,indra19,5
323,2014.12.02,2015.07.27,12403,9.88,502호의 묘책,641188,indra19,6
308,2014.12.09,2015.07.27,11992,9.91,502호의 묘책,641188,indra19,7
274,2014.12.30,2015.07.27,10535,9.90,502호의 묘책,641188,indra19,8
199,2014.12.31,2015.07.27,9591,9.77,502호의 묘책,641188,indra19,9
280,2015.01.06,2015.07.27,9620,9.87,502호의 묘책,641188,indra19,10
287,2015.01.14,2015.07.27,9066,9.87,502호의 묘책,641188,indra19,11
231,2015.01.23,2015.07.27,8786,9.87,502호의 묘책,641188,indra19,13
244,2015.01.28,2015.07.27,8492,9.86,502호의 묘책,641188,indra19,14
245,2015.02.04,2015.07.27,7925,9.85,502호의 묘책,641188,indra19,15
231,2015.02.13,2015.07.27,7925,9.84,502호의 묘책,641188,indra19,17
232,2015.02.18,2015.07.27,7474,9.80,502호의 묘책,641188,indra19,18
229,2015.02.28,2015.07.27,7588,9.88,502호의 묘책,641188,indra19,19
232,2015.03.06,2015.07.27,7963,9.80,502호의 묘책,641188,indra19,20
243,2015.03.14,2015.07.27,7741,9.81,502호의 묘책,641188,indra19,21
245,2015.03.21,2015.07.27,7665,9.85,502호의 묘책,641188,indra19,22
152,2015.03.28,2015.07.27,5637,9.82,502호의 묘책,641188,indra19,23
216,2015.04.05,2015.07.27,7660,9.88,502호의 묘책,641188,indra19,24
227,2015.04.12,2015.07.27,7717,9.82,502호의 묘책,641188,indra19,25
236,2015.04.19,2015.07.27,7649,9.89,502호의 묘책,641188,indra19,26
206,2015.04.26,2015.07.27,6927,9.84,502호의 묘책,641188,indra19,27
294,2015.05.03,2015.07.27,7798,9.79,502호의 묘책,641188,indra19,28
227,2015.05.10,2015.07.27,6867,9.95,502호의 묘책,641188,indra19,29
221,2015.05.16,2015.07.27,6849,9.93,502호의 묘책,641188,indra19,31
232,2015.05.24,2015.07.27,5549,9.94,502호의 묘책,641188,indra19,32
209,2015.05.31,2015.07.27,5289,9.96,502호의 묘책,641188,indra19,33
216,2015.06.07,2015.07.27,5013,9.92,502호의 묘책,641188,indra19,34
378,2015.06.14,2015.07.27,5006,9.88,502호의 묘책,641188,indra19,35
216,2015.06.21,2015.07.27,4076,9.88,502호의 묘책,641188,indra19,36
246,2015.06.27,2015.07.27,4458,9.96,502호의 묘책,641188,indra19,37
192,2015.07.05,2015.07.27,3531,9.91,502호의 묘책,641188,indra19,38
168,2015.07.12,2015.07.27,4664,9.84,502호의 묘책,641188,indra19,39
156,2015.07.19,2015.07.27,2322,9.92,502호의 묘책,641188,indra19,40
101,2015.07.26,2015.07.27,1279,9.91,502호의 묘책,641188,indra19,41
27,2015.07.27,2015.07.27,329,10.00,502호의 묘책,641188,indra19,42
147,2015.03.09,2015.07.27,8460,9.76,점심식탁,650255,studioempty,2
146,2015.03.16,2015.07.27,7881,9.82,점심식탁,650255,studioempty,3
130,2015.03.23,2015.07.27,7020,9.76,점심식탁,650255,studioempty,4
125,2015.03.30,2015.07.27,6356,9.78,점심식탁,650255,studioempty,5
119,2015.04.06,2015.07.27,5955,9.77,점심식탁,650255,studioempty,6
129,2015.04.13,2015.07.27,5758,9.79,점심식탁,650255,studioempty,7
117,2015.04.20,2015.07.27,5635,9.85,점심식탁,650255,studioempty,8
107,2015.04.27,2015.07.27,5234,9.83,점심식탁,650255,studioempty,9
100,2015.05.04,2015.07.27,4500,9.94,점심식탁,650255,studioempty,10
101,2015.05.11,2015.07.27,4825,9.91,점심식탁,650255,studioempty,11
61,2015.05.18,2015.07.27,1744,9.70,점심식탁,650255,studioempty,12
64,2015.05.25,2015.07.27,1880,9.72,점심식탁,650255,studioempty,13
98,2015.06.01,2015.07.27,4134,9.82,점심식탁,650255,studioempty,14
96,2015.06.08,2015.07.27,3871,9.81,점심식탁,650255,studioempty,15
90,2015.06.15,2015.07.27,4142,9.90,점심식탁,650255,studioempty,16
101,2015.06.22,2015.07.27,4375,9.82,점심식탁,650255,studioempty,17
129,2015.06.29,2015.07.27,3882,9.66,점심식탁,650255,studioempty,18
140,2015.07.06,2015.07.27,4643,9.81,점심식탁,650255,studioempty,19
123,2015.07.13,2015.07.27,4122,9.85,점심식탁,650255,studioempty,20
106,2015.07.20,2015.07.27,2667,9.80,점심식탁,650255,studioempty,21
40,2015.07.27,2015.07.27,485,9.78,점심식탁,650255,studioempty,22
499,2014.04.12,2015.07.27,94007,9.71,공상과학스타대전2,620951,uk2toon,2
482,2014.04.12,2015.07.27,86537,9.74,공상과학스타대전2,620951,uk2toon,3
487,2014.04.12,2015.07.27,83301,9.78,공상과학스타대전2,620951,uk2toon,4
462,2014.04.12,2015.07.27,84093,9.77,공상과학스타대전2,620951,uk2toon,5
462,2014.04.12,2015.07.27,86044,9.77,공상과학스타대전2,620951,uk2toon,6
498,2014.04.12,2015.07.27,91186,9.76,공상과학스타대전2,620951,uk2toon,7
482,2014.04.14,2015.07.27,92028,9.81,공상과학스타대전2,620951,uk2toon,8
502,2014.04.17,2015.07.27,95069,9.80,공상과학스타대전2,620951,uk2toon,9
498,2014.05.07,2015.07.27,90656,9.82,공상과학스타대전2,620951,uk2toon,10
478,2014.05.07,2015.07.27,90018,9.81,공상과학스타대전2,620951,uk2toon,11
715,2014.05.07,2015.07.27,97083,9.83,공상과학스타대전2,620951,uk2toon,12
520,2014.05.12,2015.07.27,78826,9.77,공상과학스타대전2,620951,uk2toon,13
552,2014.05.18,2015.07.27,74576,9.84,공상과학스타대전2,620951,uk2toon,14
468,2014.05.22,2015.07.27,74405,9.79,공상과학스타대전2,620951,uk2toon,15
505,2014.05.26,2015.07.27,75872,9.78,공상과학스타대전2,620951,uk2toon,16
497,2014.05.31,2015.07.27,72104,9.76,공상과학스타대전2,620951,uk2toon,17
456,2014.06.08,2015.07.27,72826,9.78,공상과학스타대전2,620951,uk2toon,18
375,2014.08.27,2015.07.27,65505,9.76,공상과학스타대전2,620951,uk2toon,21
483,2014.08.29,2015.07.27,63491,9.72,공상과학스타대전2,620951,uk2toon,22
428,2014.08.30,2015.07.27,63395,9.69,공상과학스타대전2,620951,uk2toon,23
445,2014.09.01,2015.07.27,62844,9.72,공상과학스타대전2,620951,uk2toon,24
368,2014.09.05,2015.07.27,54830,9.78,공상과학스타대전2,620951,uk2toon,26
378,2014.09.06,2015.07.27,57966,9.75,공상과학스타대전2,620951,uk2toon,27
416,2014.09.09,2015.07.27,58584,9.72,공상과학스타대전2,620951,uk2toon,28
523,2014.09.12,2015.07.27,61248,9.72,공상과학스타대전2,620951,uk2toon,29
7324,2014.09.16,2015.07.27,62136,2.31,공상과학스타대전2,620951,uk2toon,30
3270,2014.09.22,2015.07.27,58376,4.24,공상과학스타대전2,620951,uk2toon,31
1844,2014.09.26,2015.07.27,57169,9.64,공상과학스타대전2,620951,uk2toon,32
596,2014.10.03,2015.07.27,54680,9.76,공상과학스타대전2,620951,uk2toon,33
638,2014.10.06,2015.07.27,53716,9.69,공상과학스타대전2,620951,uk2toon,34
1206,2014.10.10,2015.07.27,57505,9.65,공상과학스타대전2,620951,uk2toon,35
411,2014.10.17,2015.07.27,52922,9.80,공상과학스타대전2,620951,uk2toon,36
414,2014.10.22,2015.07.27,49647,9.80,공상과학스타대전2,620951,uk2toon,37
522,2014.10.24,2015.07.27,53139,9.90,공상과학스타대전2,620951,uk2toon,38
374,2014.11.06,2015.07.27,45600,9.84,공상과학스타대전2,620951,uk2toon,39
409,2014.11.10,2015.07.27,45825,9.85,공상과학스타대전2,620951,uk2toon,40
370,2014.11.14,2015.07.27,46041,9.83,공상과학스타대전2,620951,uk2toon,41
347,2014.11.21,2015.07.27,42810,9.87,공상과학스타대전2,620951,uk2toon,42
411,2014.11.24,2015.07.27,46390,9.82,공상과학스타대전2,620951,uk2toon,44
424,2014.12.01,2015.07.27,47099,9.79,공상과학스타대전2,620951,uk2toon,45
363,2014.12.08,2015.07.27,47367,9.81,공상과학스타대전2,620951,uk2toon,47
327,2014.12.15,2015.07.27,38771,9.86,공상과학스타대전2,620951,uk2toon,49
306,2014.12.22,2015.07.27,40469,9.82,공상과학스타대전2,620951,uk2toon,52
318,2014.12.25,2015.07.27,36426,9.77,공상과학스타대전2,620951,uk2toon,53
683,2014.12.30,2015.07.27,34852,9.61,공상과학스타대전2,620951,uk2toon,54
783,2015.01.05,2015.07.27,34573,9.68,공상과학스타대전2,620951,uk2toon,55
465,2015.01.09,2015.07.27,31756,9.52,공상과학스타대전2,620951,uk2toon,56
418,2015.01.13,2015.07.27,33469,9.80,공상과학스타대전2,620951,uk2toon,57
736,2015.01.17,2015.07.27,34802,9.84,공상과학스타대전2,620951,uk2toon,58
592,2015.01.23,2015.07.27,31436,9.68,공상과학스타대전2,620951,uk2toon,59
615,2015.01.27,2015.07.27,32267,9.78,공상과학스타대전2,620951,uk2toon,60
358,2015.02.02,2015.07.27,33940,9.71,공상과학스타대전2,620951,uk2toon,61
318,2015.02.09,2015.07.27,30178,9.71,공상과학스타대전2,620951,uk2toon,62
302,2015.02.14,2015.07.27,27279,9.73,공상과학스타대전2,620951,uk2toon,63
337,2015.02.17,2015.07.27,29256,9.76,공상과학스타대전2,620951,uk2toon,64
397,2015.02.23,2015.07.27,28464,9.58,공상과학스타대전2,620951,uk2toon,65
1740,2015.02.28,2015.07.27,28239,7.26,공상과학스타대전2,620951,uk2toon,66
282,2015.03.06,2015.07.27,26879,9.69,공상과학스타대전2,620951,uk2toon,67
264,2015.03.11,2015.07.27,27973,9.76,공상과학스타대전2,620951,uk2toon,68
289,2015.03.16,2015.07.27,27648,9.84,공상과학스타대전2,620951,uk2toon,70
350,2015.03.20,2015.07.27,28355,9.82,공상과학스타대전2,620951,uk2toon,71
264,2015.03.25,2015.07.27,27628,9.82,공상과학스타대전2,620951,uk2toon,72
256,2015.03.30,2015.07.27,25438,9.79,공상과학스타대전2,620951,uk2toon,73
355,2015.04.03,2015.07.27,27179,9.61,공상과학스타대전2,620951,uk2toon,74
281,2015.04.07,2015.07.27,26019,9.71,공상과학스타대전2,620951,uk2toon,75
325,2015.04.11,2015.07.27,27242,9.80,공상과학스타대전2,620951,uk2toon,76
273,2015.04.15,2015.07.27,26892,9.46,공상과학스타대전2,620951,uk2toon,77
247,2015.04.20,2015.07.27,24917,9.71,공상과학스타대전2,620951,uk2toon,78
269,2015.04.24,2015.07.27,28000,9.35,공상과학스타대전2,620951,uk2toon,79
294,2015.04.30,2015.07.27,24065,9.54,공상과학스타대전2,620951,uk2toon,80
381,2015.05.04,2015.07.27,30328,9.46,공상과학스타대전2,620951,uk2toon,81
309,2015.05.10,2015.07.27,28321,8.83,공상과학스타대전2,620951,uk2toon,82
1544,2015.05.15,2015.07.27,29113,3.33,공상과학스타대전2,620951,uk2toon,83
997,2015.05.19,2015.07.27,26808,4.28,공상과학스타대전2,620951,uk2toon,84
524,2015.05.23,2015.07.27,31110,7.17,공상과학스타대전2,620951,uk2toon,85
529,2015.05.30,2015.07.27,29442,9.00,공상과학스타대전2,620951,uk2toon,86
332,2015.06.05,2015.07.27,28801,9.13,공상과학스타대전2,620951,uk2toon,87
444,2015.06.11,2015.07.27,25842,9.53,공상과학스타대전2,620951,uk2toon,88
306,2015.06.16,2015.07.27,26739,9.50,공상과학스타대전2,620951,uk2toon,89
251,2015.06.22,2015.07.27,23784,9.49,공상과학스타대전2,620951,uk2toon,90
322,2015.06.25,2015.07.27,30582,9.49,공상과학스타대전2,620951,uk2toon,91
291,2015.07.06,2015.07.27,27040,9.59,공상과학스타대전2,620951,uk2toon,92
287,2015.07.13,2015.07.27,22586,9.70,공상과학스타대전2,620951,uk2toon,93
205,2015.07.17,2015.07.27,22814,9.55,공상과학스타대전2,620951,uk2toon,94
235,2015.07.23,2015.07.27,16248,9.65,공상과학스타대전2,620951,uk2toon,95
113,2015.07.27,2015.07.27,5236,9.60,공상과학스타대전2,620951,uk2toon,96
82,2014.06.07,2015.07.27,11936,9.10,폭풍의 짱빨라,621555,wd524u,3
77,2014.06.29,2015.07.27,8592,9.30,폭풍의 짱빨라,621555,wd524u,4
69,2014.07.12,2015.07.27,7178,9.48,폭풍의 짱빨라,621555,wd524u,5
72,2014.08.04,2015.07.27,6891,9.46,폭풍의 짱빨라,621555,wd524u,6
76,2014.08.22,2015.07.27,6622,9.28,폭풍의 짱빨라,621555,wd524u,7
72,2014.11.29,2015.07.27,6336,9.62,폭풍의 짱빨라,621555,wd524u,8
72,2014.12.12,2015.07.27,6288,9.62,폭풍의 짱빨라,621555,wd524u,9
86,2014.12.17,2015.07.27,6505,9.70,폭풍의 짱빨라,621555,wd524u,10
87,2014.12.26,2015.07.27,6843,9.59,폭풍의 짱빨라,621555,wd524u,12
80,2015.01.10,2015.07.27,7374,9.66,폭풍의 짱빨라,621555,wd524u,15
78,2015.01.19,2015.07.27,6097,9.65,폭풍의 짱빨라,621555,wd524u,16
91,2015.01.30,2015.07.27,6039,9.71,폭풍의 짱빨라,621555,wd524u,17
90,2015.02.07,2015.07.27,7329,9.73,폭풍의 짱빨라,621555,wd524u,18
72,2015.02.14,2015.07.27,5002,9.38,폭풍의 짱빨라,621555,wd524u,19
111,2015.02.27,2015.07.27,6076,9.63,폭풍의 짱빨라,621555,wd524u,20
93,2015.03.05,2015.07.27,4751,9.71,폭풍의 짱빨라,621555,wd524u,21
95,2015.03.13,2015.07.27,6245,9.62,폭풍의 짱빨라,621555,wd524u,22
111,2015.03.21,2015.07.27,5219,9.74,폭풍의 짱빨라,621555,wd524u,23
77,2015.03.27,2015.07.27,4835,9.64,폭풍의 짱빨라,621555,wd524u,24
81,2015.04.04,2015.07.27,6148,9.53,폭풍의 짱빨라,621555,wd524u,25
41,2015.05.13,2015.07.27,3769,8.71,폭풍의 짱빨라,621555,wd524u,26
10,2015.07.27,2015.07.27,784,9.10,폭풍의 짱빨라,621555,wd524u,27
275,2012.01.30,2015.07.27,19166,9.65,밤의 피조물,440696,peter_42,5
243,2012.02.02,2015.07.27,12976,9.74,밤의 피조물,440696,peter_42,9
220,2012.02.06,2015.07.27,11717,9.67,밤의 피조물,440696,peter_42,13
202,2012.02.11,2015.07.27,9578,9.73,밤의 피조물,440696,peter_42,14
200,2012.02.16,2015.07.27,9594,9.68,밤의 피조물,440696,peter_42,16
194,2012.02.18,2015.07.27,12500,9.81,밤의 피조물,440696,peter_42,19
297,2012.02.23,2015.07.27,18312,9.85,밤의 피조물,440696,peter_42,23
187,2012.04.01,2015.07.27,12184,9.87,밤의 피조물,440696,peter_42,28
92,2014.12.02,2015.07.27,5956,9.61,밤의 피조물,440696,peter_42,29
146,2015.03.05,2015.07.27,7647,9.86,밤의 피조물,440696,peter_42,30
132,2015.03.11,2015.07.27,6434,9.93,밤의 피조물,440696,peter_42,31
113,2015.07.21,2015.07.27,4677,9.92,밤의 피조물,440696,peter_42,32
41,2015.07.27,2015.07.27,1605,10.00,밤의 피조물,440696,peter_42,33
754,2014.09.07,2015.07.27,46619,9.88,3F : 표류도시,634663,salaman_,2
633,2014.09.14,2015.07.27,36184,9.85,3F : 표류도시,634663,salaman_,3
689,2014.09.21,2015.07.27,31066,9.86,3F : 표류도시,634663,salaman_,4
585,2014.09.28,2015.07.27,23479,9.86,3F : 표류도시,634663,salaman_,5
577,2014.10.05,2015.07.27,21807,9.86,3F : 표류도시,634663,salaman_,6
608,2014.10.12,2015.07.27,22462,9.81,3F : 표류도시,634663,salaman_,7
496,2014.10.19,2015.07.27,19624,9.87,3F : 표류도시,634663,salaman_,8
600,2014.10.26,2015.07.27,20108,9.88,3F : 표류도시,634663,salaman_,9
555,2014.11.02,2015.07.27,19435,9.91,3F : 표류도시,634663,salaman_,10
499,2014.11.09,2015.07.27,16235,9.89,3F : 표류도시,634663,salaman_,11
375,2014.11.16,2015.07.27,16837,9.86,3F : 표류도시,634663,salaman_,12
359,2014.11.23,2015.07.27,14017,9.95,3F : 표류도시,634663,salaman_,13
296,2015.01.18,2015.07.27,11255,9.91,3F : 표류도시,634663,salaman_,14
318,2015.01.25,2015.07.27,13426,9.89,3F : 표류도시,634663,salaman_,15
308,2015.02.01,2015.07.27,10573,9.93,3F : 표류도시,634663,salaman_,16
255,2015.02.08,2015.07.27,9354,9.93,3F : 표류도시,634663,salaman_,17
253,2015.02.15,2015.07.27,10409,9.86,3F : 표류도시,634663,salaman_,18
292,2015.02.22,2015.07.27,9649,9.91,3F : 표류도시,634663,salaman_,19
224,2015.03.01,2015.07.27,7250,9.92,3F : 표류도시,634663,salaman_,20
215,2015.03.08,2015.07.27,9763,9.87,3F : 표류도시,634663,salaman_,21
273,2015.03.15,2015.07.27,7750,9.90,3F : 표류도시,634663,salaman_,22
238,2015.03.22,2015.07.27,8245,9.92,3F : 표류도시,634663,salaman_,23
192,2015.03.29,2015.07.27,8337,9.91,3F : 표류도시,634663,salaman_,24
186,2015.04.05,2015.07.27,6394,9.91,3F : 표류도시,634663,salaman_,25
201,2015.04.12,2015.07.27,7571,9.87,3F : 표류도시,634663,salaman_,26
209,2015.04.19,2015.07.27,10688,9.91,3F : 표류도시,634663,salaman_,27
145,2015.04.26,2015.07.27,5581,9.88,3F : 표류도시,634663,salaman_,28
108,2015.05.03,2015.07.27,5848,9.81,3F : 표류도시,634663,salaman_,29
24,2015.07.27,2015.07.27,2037,9.62,3F : 표류도시,634663,salaman_,30
879,2014.04.09,2015.07.27,27044,9.83,스푸키 멜로디,620385,jonggoon12,2
882,2014.04.13,2015.07.27,24305,9.90,스푸키 멜로디,620385,jonggoon12,3
733,2014.04.17,2015.07.27,22508,9.89,스푸키 멜로디,620385,jonggoon12,4
840,2014.04.23,2015.07.27,21839,9.91,스푸키 멜로디,620385,jonggoon12,5
756,2014.04.29,2015.07.27,20384,9.91,스푸키 멜로디,620385,jonggoon12,6
830,2014.05.06,2015.07.27,18703,9.92,스푸키 멜로디,620385,jonggoon12,7
654,2014.05.14,2015.07.27,18366,9.89,스푸키 멜로디,620385,jonggoon12,8
855,2014.05.19,2015.07.27,17271,9.91,스푸키 멜로디,620385,jonggoon12,9
644,2014.05.24,2015.07.27,16636,9.91,스푸키 멜로디,620385,jonggoon12,10
601,2014.05.29,2015.07.27,12215,9.91,스푸키 멜로디,620385,jonggoon12,11
632,2014.06.04,2015.07.27,15015,9.89,스푸키 멜로디,620385,jonggoon12,12
573,2014.06.12,2015.07.27,13779,9.90,스푸키 멜로디,620385,jonggoon12,13
332,2014.06.16,2015.07.27,8166,9.89,스푸키 멜로디,620385,jonggoon12,14
519,2014.06.30,2015.07.27,13426,9.91,스푸키 멜로디,620385,jonggoon12,15
524,2014.07.03,2015.07.27,12565,9.89,스푸키 멜로디,620385,jonggoon12,16
540,2014.07.08,2015.07.27,12402,9.85,스푸키 멜로디,620385,jonggoon12,17
1930,2014.07.12,2015.07.27,12452,9.95,스푸키 멜로디,620385,jonggoon12,18
1100,2014.07.15,2015.07.27,13275,9.93,스푸키 멜로디,620385,jonggoon12,19
850,2014.07.19,2015.07.27,13675,9.92,스푸키 멜로디,620385,jonggoon12,20
628,2014.07.21,2015.07.27,12558,9.92,스푸키 멜로디,620385,jonggoon12,21
573,2014.07.24,2015.07.27,11848,9.88,스푸키 멜로디,620385,jonggoon12,22
668,2014.07.26,2015.07.27,14668,9.91,스푸키 멜로디,620385,jonggoon12,23
631,2014.08.10,2015.07.27,15120,9.89,스푸키 멜로디,620385,jonggoon12,25
667,2014.08.14,2015.07.27,15160,9.91,스푸키 멜로디,620385,jonggoon12,26
688,2014.08.24,2015.07.27,12940,9.92,스푸키 멜로디,620385,jonggoon12,27
802,2014.08.31,2015.07.27,13111,9.92,스푸키 멜로디,620385,jonggoon12,28
676,2014.09.08,2015.07.27,11444,9.86,스푸키 멜로디,620385,jonggoon12,29
513,2014.09.14,2015.07.27,11072,9.91,스푸키 멜로디,620385,jonggoon12,30
536,2014.09.23,2015.07.27,7207,9.83,스푸키 멜로디,620385,jonggoon12,31
616,2014.10.02,2015.07.27,11508,9.92,스푸키 멜로디,620385,jonggoon12,32
520,2014.10.08,2015.07.27,10774,9.91,스푸키 멜로디,620385,jonggoon12,33
521,2014.10.19,2015.07.27,10203,9.90,스푸키 멜로디,620385,jonggoon12,34
540,2014.10.25,2015.07.27,10748,9.90,스푸키 멜로디,620385,jonggoon12,35
507,2014.10.30,2015.07.27,5565,9.90,스푸키 멜로디,620385,jonggoon12,36
521,2014.11.01,2015.07.27,10317,9.88,스푸키 멜로디,620385,jonggoon12,37
509,2014.11.08,2015.07.27,9994,9.85,스푸키 멜로디,620385,jonggoon12,38
524,2014.11.15,2015.07.27,9640,9.90,스푸키 멜로디,620385,jonggoon12,39
558,2014.11.22,2015.07.27,9964,9.91,스푸키 멜로디,620385,jonggoon12,40
463,2014.11.30,2015.07.27,10097,9.88,스푸키 멜로디,620385,jonggoon12,43
443,2014.12.07,2015.07.27,9049,9.87,스푸키 멜로디,620385,jonggoon12,44
373,2014.12.13,2015.07.27,8059,9.89,스푸키 멜로디,620385,jonggoon12,45
368,2014.12.21,2015.07.27,8008,9.89,스푸키 멜로디,620385,jonggoon12,47
602,2014.12.26,2015.07.27,8934,9.92,스푸키 멜로디,620385,jonggoon12,48
326,2014.12.31,2015.07.27,4585,9.85,스푸키 멜로디,620385,jonggoon12,49
485,2015.01.04,2015.07.27,8597,9.86,스푸키 멜로디,620385,jonggoon12,50
466,2015.01.10,2015.07.27,8914,9.86,스푸키 멜로디,620385,jonggoon12,51
330,2015.01.18,2015.07.27,4050,9.85,스푸키 멜로디,620385,jonggoon12,52
380,2015.01.25,2015.07.27,7143,9.84,스푸키 멜로디,620385,jonggoon12,53
390,2015.02.01,2015.07.27,5957,9.86,스푸키 멜로디,620385,jonggoon12,54
313,2015.02.06,2015.07.27,6832,9.85,스푸키 멜로디,620385,jonggoon12,55
317,2015.02.07,2015.07.27,7201,9.84,스푸키 멜로디,620385,jonggoon12,56
239,2015.02.11,2015.07.27,4385,9.63,스푸키 멜로디,620385,jonggoon12,57
292,2015.02.14,2015.07.27,6977,9.77,스푸키 멜로디,620385,jonggoon12,58
348,2015.02.21,2015.07.27,7389,9.87,스푸키 멜로디,620385,jonggoon12,59
258,2015.03.03,2015.07.27,6135,9.84,스푸키 멜로디,620385,jonggoon12,60
313,2015.03.07,2015.07.27,6980,9.80,스푸키 멜로디,620385,jonggoon12,61
275,2015.03.15,2015.07.27,6592,9.83,스푸키 멜로디,620385,jonggoon12,62
231,2015.03.24,2015.07.27,6015,9.75,스푸키 멜로디,620385,jonggoon12,63
220,2015.04.01,2015.07.27,5852,9.92,스푸키 멜로디,620385,jonggoon12,64
150,2015.04.10,2015.07.27,3453,9.88,스푸키 멜로디,620385,jonggoon12,65
206,2015.05.25,2015.07.27,5522,9.87,스푸키 멜로디,620385,jonggoon12,66
89,2015.07.27,2015.07.27,1072,10.00,스푸키 멜로디,620385,jonggoon12,67
1150,2014.03.17,2015.07.27,66528,9.85,네모네모,547689,s_nemo,9
786,2015.02.09,2015.07.27,15883,9.91,네모네모,547689,s_nemo,36
664,2015.02.12,2015.07.27,11653,9.91,네모네모,547689,s_nemo,37
519,2015.02.14,2015.07.27,11907,9.91,네모네모,547689,s_nemo,38
474,2015.02.23,2015.07.27,11532,9.82,네모네모,547689,s_nemo,39
266,2015.04.17,2015.07.27,7622,9.83,네모네모,547689,s_nemo,41
207,2015.04.18,2015.07.27,7033,9.67,네모네모,547689,s_nemo,42
239,2015.04.20,2015.07.27,7874,9.81,네모네모,547689,s_nemo,43
369,2015.04.22,2015.07.27,7137,9.85,네모네모,547689,s_nemo,44
313,2015.05.04,2015.07.27,8636,9.78,네모네모,547689,s_nemo,45
215,2015.05.11,2015.07.27,6899,9.82,네모네모,547689,s_nemo,46
171,2015.05.14,2015.07.27,6243,9.89,네모네모,547689,s_nemo,47
145,2015.05.17,2015.07.27,6336,9.57,네모네모,547689,s_nemo,48
192,2015.05.22,2015.07.27,8710,9.88,네모네모,547689,s_nemo,49
98,2015.07.07,2015.07.27,3075,9.91,네모네모,547689,s_nemo,52
122,2015.07.08,2015.07.27,3920,9.75,네모네모,547689,s_nemo,53
114,2015.07.09,2015.07.27,3190,9.84,네모네모,547689,s_nemo,54
113,2015.07.14,2015.07.27,3165,9.54,네모네모,547689,s_nemo,55
105,2015.07.22,2015.07.27,2062,9.83,네모네모,547689,s_nemo,56
87,2015.07.25,2015.07.27,1448,9.79,네모네모,547689,s_nemo,57
54,2015.07.27,2015.07.27,895,9.35,네모네모,547689,s_nemo,58
188,2014.12.30,2015.07.27,24971,9.13,테이커,618334,tmdqja9700,30
203,2015.01.07,2015.07.27,27021,9.10,테이커,618334,tmdqja9700,31
169,2015.01.18,2015.07.27,25560,9.20,테이커,618334,tmdqja9700,32
173,2015.01.26,2015.07.27,24517,9.07,테이커,618334,tmdqja9700,33
258,2015.02.02,2015.07.27,22376,9.20,테이커,618334,tmdqja9700,34
210,2015.02.10,2015.07.27,21548,9.10,테이커,618334,tmdqja9700,35
181,2015.02.20,2015.07.27,21070,9.40,테이커,618334,tmdqja9700,36
169,2015.02.28,2015.07.27,21157,9.58,테이커,618334,tmdqja9700,37
159,2015.03.15,2015.07.27,20468,9.39,테이커,618334,tmdqja9700,38
145,2015.03.30,2015.07.27,20539,9.37,테이커,618334,tmdqja9700,39
140,2015.04.12,2015.07.27,20626,9.50,테이커,618334,tmdqja9700,40
139,2015.04.27,2015.07.27,20296,9.49,테이커,618334,tmdqja9700,41
136,2015.05.07,2015.07.27,19471,9.49,테이커,618334,tmdqja9700,42
142,2015.05.20,2015.07.27,18885,9.56,테이커,618334,tmdqja9700,43
133,2015.05.31,2015.07.27,18544,9.53,테이커,618334,tmdqja9700,44
133,2015.06.15,2015.07.27,18596,9.53,테이커,618334,tmdqja9700,45
153,2015.06.28,2015.07.27,20008,9.65,테이커,618334,tmdqja9700,46
136,2015.07.03,2015.07.27,11039,9.40,테이커,618334,tmdqja9700,47
178,2015.07.05,2015.07.27,20583,9.60,테이커,618334,tmdqja9700,48
170,2015.07.13,2015.07.27,16206,9.74,테이커,618334,tmdqja9700,49
161,2015.07.20,2015.07.27,14226,9.83,테이커,618334,tmdqja9700,50
109,2015.07.27,2015.07.27,5323,9.83,테이커,618334,tmdqja9700,51
1589,2014.12.08,2015.07.27,94334,9.86,일어나보니 치킨,642418,space_star3,2
1048,2014.12.15,2015.07.27,87422,9.88,일어나보니 치킨,642418,space_star3,4
853,2014.12.23,2015.07.27,77390,9.89,일어나보니 치킨,642418,space_star3,5
828,2014.12.29,2015.07.27,68557,9.90,일어나보니 치킨,642418,space_star3,6
759,2015.01.05,2015.07.27,64819,9.90,일어나보니 치킨,642418,space_star3,7
1034,2015.01.12,2015.07.27,67413,9.93,일어나보니 치킨,642418,space_star3,8
908,2015.01.19,2015.07.27,70366,9.84,일어나보니 치킨,642418,space_star3,9
922,2015.01.26,2015.07.27,61109,9.93,일어나보니 치킨,642418,space_star3,10
1048,2015.02.02,2015.07.27,58906,9.88,일어나보니 치킨,642418,space_star3,11
855,2015.02.09,2015.07.27,54485,9.89,일어나보니 치킨,642418,space_star3,12
764,2015.02.16,2015.07.27,54022,9.89,일어나보니 치킨,642418,space_star3,13
572,2015.02.22,2015.07.27,35625,9.81,일어나보니 치킨,642418,space_star3,14
620,2015.03.01,2015.07.27,46794,9.81,일어나보니 치킨,642418,space_star3,15
582,2015.03.09,2015.07.27,36205,9.90,일어나보니 치킨,642418,space_star3,16
502,2015.03.16,2015.07.27,35704,9.91,일어나보니 치킨,642418,space_star3,17
583,2015.03.18,2015.07.27,26237,9.87,일어나보니 치킨,642418,space_star3,18
435,2015.03.23,2015.07.27,36949,9.87,일어나보니 치킨,642418,space_star3,19
352,2015.03.29,2015.07.27,17140,9.76,일어나보니 치킨,642418,space_star3,20
398,2015.05.01,2015.07.27,30165,9.86,일어나보니 치킨,642418,space_star3,21
204,2015.05.31,2015.07.27,11183,9.90,일어나보니 치킨,642418,space_star3,22
393,2015.06.07,2015.07.27,25694,9.90,일어나보니 치킨,642418,space_star3,23
282,2015.06.28,2015.07.27,16869,9.89,일어나보니 치킨,642418,space_star3,24
292,2015.07.05,2015.07.27,17590,9.93,일어나보니 치킨,642418,space_star3,25
234,2015.07.12,2015.07.27,12715,9.96,일어나보니 치킨,642418,space_star3,26
225,2015.07.20,2015.07.27,10773,9.75,일어나보니 치킨,642418,space_star3,27
136,2015.07.27,2015.07.27,6208,9.72,일어나보니 치킨,642418,space_star3,28
2861,2013.08.26,2015.07.27,46396,9.95,지구와 사람과 동물,584696,sangjun0926,2
2994,2013.08.26,2015.07.27,39201,9.95,지구와 사람과 동물,584696,sangjun0926,3
2338,2013.08.29,2015.07.27,35342,9.96,지구와 사람과 동물,584696,sangjun0926,4
2227,2013.09.02,2015.07.27,33809,9.96,지구와 사람과 동물,584696,sangjun0926,5
2133,2013.09.05,2015.07.27,31540,9.95,지구와 사람과 동물,584696,sangjun0926,6
2072,2013.09.09,2015.07.27,30981,9.94,지구와 사람과 동물,584696,sangjun0926,7
2231,2013.09.16,2015.07.27,29837,9.94,지구와 사람과 동물,584696,sangjun0926,8
2195,2013.09.23,2015.07.27,30115,9.95,지구와 사람과 동물,584696,sangjun0926,9
1968,2013.09.30,2015.07.27,30782,9.94,지구와 사람과 동물,584696,sangjun0926,11
2326,2013.10.07,2015.07.27,26806,9.95,지구와 사람과 동물,584696,sangjun0926,12
1753,2013.10.14,2015.07.27,25083,9.95,지구와 사람과 동물,584696,sangjun0926,13
1953,2013.10.21,2015.07.27,27532,9.95,지구와 사람과 동물,584696,sangjun0926,14
1992,2013.10.28,2015.07.27,24868,9.96,지구와 사람과 동물,584696,sangjun0926,15
1924,2013.11.04,2015.07.27,24343,9.94,지구와 사람과 동물,584696,sangjun0926,16
1091,2013.11.06,2015.07.27,14192,9.94,지구와 사람과 동물,584696,sangjun0926,17
1962,2013.11.11,2015.07.27,23345,9.93,지구와 사람과 동물,584696,sangjun0926,18
1561,2013.11.18,2015.07.27,21477,9.93,지구와 사람과 동물,584696,sangjun0926,19
1677,2013.11.25,2015.07.27,22017,9.90,지구와 사람과 동물,584696,sangjun0926,20
1405,2013.12.02,2015.07.27,21407,9.92,지구와 사람과 동물,584696,sangjun0926,21
2713,2013.12.09,2015.07.27,22162,9.93,지구와 사람과 동물,584696,sangjun0926,22
2023,2013.12.16,2015.07.27,22096,9.91,지구와 사람과 동물,584696,sangjun0926,23
1605,2013.12.23,2015.07.27,19727,9.90,지구와 사람과 동물,584696,sangjun0926,24
1437,2013.12.30,2015.07.27,18708,9.89,지구와 사람과 동물,584696,sangjun0926,25
1273,2014.01.06,2015.07.27,17811,9.87,지구와 사람과 동물,584696,sangjun0926,26
1756,2014.01.13,2015.07.27,16726,9.89,지구와 사람과 동물,584696,sangjun0926,27
1266,2014.01.20,2015.07.27,18087,9.84,지구와 사람과 동물,584696,sangjun0926,28
1305,2014.01.27,2015.07.27,17712,9.88,지구와 사람과 동물,584696,sangjun0926,29
822,2014.02.03,2015.07.27,13486,9.83,지구와 사람과 동물,584696,sangjun0926,30
1294,2014.02.10,2015.07.27,21561,9.90,지구와 사람과 동물,584696,sangjun0926,31
1055,2014.02.17,2015.07.27,17412,9.84,지구와 사람과 동물,584696,sangjun0926,32
1029,2014.02.24,2015.07.27,16991,9.85,지구와 사람과 동물,584696,sangjun0926,33
578,2014.03.03,2015.07.27,10477,9.72,지구와 사람과 동물,584696,sangjun0926,35
935,2014.03.10,2015.07.27,17922,9.87,지구와 사람과 동물,584696,sangjun0926,36
581,2014.03.17,2015.07.27,21353,9.80,지구와 사람과 동물,584696,sangjun0926,37
896,2014.03.24,2015.07.27,16455,9.89,지구와 사람과 동물,584696,sangjun0926,38
462,2014.03.31,2015.07.27,9687,9.68,지구와 사람과 동물,584696,sangjun0926,39
1098,2014.04.07,2015.07.27,19781,9.89,지구와 사람과 동물,584696,sangjun0926,40
602,2014.04.14,2015.07.27,7489,9.89,지구와 사람과 동물,584696,sangjun0926,41
917,2014.04.21,2015.07.27,12960,9.90,지구와 사람과 동물,584696,sangjun0926,42
446,2014.04.28,2015.07.27,6962,9.83,지구와 사람과 동물,584696,sangjun0926,43
710,2014.05.05,2015.07.27,13577,9.88,지구와 사람과 동물,584696,sangjun0926,44
732,2014.05.19,2015.07.27,12612,9.87,지구와 사람과 동물,584696,sangjun0926,46
508,2014.05.26,2015.07.27,7228,9.84,지구와 사람과 동물,584696,sangjun0926,47
584,2014.06.02,2015.07.27,13249,9.84,지구와 사람과 동물,584696,sangjun0926,48
565,2014.06.09,2015.07.27,11762,9.85,지구와 사람과 동물,584696,sangjun0926,49
559,2014.06.16,2015.07.27,11472,9.87,지구와 사람과 동물,584696,sangjun0926,50
490,2014.06.23,2015.07.27,10915,9.85,지구와 사람과 동물,584696,sangjun0926,51
487,2014.06.30,2015.07.27,10791,9.85,지구와 사람과 동물,584696,sangjun0926,52
477,2014.07.07,2015.07.27,10634,9.85,지구와 사람과 동물,584696,sangjun0926,53
431,2014.07.14,2015.07.27,9730,9.80,지구와 사람과 동물,584696,sangjun0926,54
412,2014.07.21,2015.07.27,9791,9.73,지구와 사람과 동물,584696,sangjun0926,55
581,2014.07.28,2015.07.27,10308,9.87,지구와 사람과 동물,584696,sangjun0926,56
313,2014.08.04,2015.07.27,7077,9.68,지구와 사람과 동물,584696,sangjun0926,57
757,2014.08.11,2015.07.27,9799,9.77,지구와 사람과 동물,584696,sangjun0926,58
278,2014.08.18,2015.07.27,6401,9.71,지구와 사람과 동물,584696,sangjun0926,59
508,2014.08.25,2015.07.27,8528,9.88,지구와 사람과 동물,584696,sangjun0926,60
252,2014.09.01,2015.07.27,5323,9.71,지구와 사람과 동물,584696,sangjun0926,61
445,2014.09.08,2015.07.27,8164,9.88,지구와 사람과 동물,584696,sangjun0926,62
259,2014.09.15,2015.07.27,5066,9.85,지구와 사람과 동물,584696,sangjun0926,63
497,2014.09.22,2015.07.27,9316,9.90,지구와 사람과 동물,584696,sangjun0926,64
380,2014.09.29,2015.07.27,7731,9.84,지구와 사람과 동물,584696,sangjun0926,65
216,2014.10.06,2015.07.27,4628,9.88,지구와 사람과 동물,584696,sangjun0926,66
416,2014.10.13,2015.07.27,7101,9.85,지구와 사람과 동물,584696,sangjun0926,67
359,2014.10.20,2015.07.27,6085,9.89,지구와 사람과 동물,584696,sangjun0926,68
392,2014.10.27,2015.07.27,6488,9.93,지구와 사람과 동물,584696,sangjun0926,69
376,2014.11.03,2015.07.27,5830,9.98,지구와 사람과 동물,584696,sangjun0926,70
299,2014.11.10,2015.07.27,5884,9.93,지구와 사람과 동물,584696,sangjun0926,71
269,2014.11.17,2015.07.27,5302,9.97,지구와 사람과 동물,584696,sangjun0926,72
306,2014.11.24,2015.07.27,6376,9.94,지구와 사람과 동물,584696,sangjun0926,73
351,2014.12.01,2015.07.27,6715,9.95,지구와 사람과 동물,584696,sangjun0926,74
265,2014.12.08,2015.07.27,6565,9.92,지구와 사람과 동물,584696,sangjun0926,75
237,2014.12.15,2015.07.27,5986,9.87,지구와 사람과 동물,584696,sangjun0926,77
300,2014.12.22,2015.07.27,6709,9.94,지구와 사람과 동물,584696,sangjun0926,78
268,2014.12.29,2015.07.27,6143,9.93,지구와 사람과 동물,584696,sangjun0926,79
277,2015.01.05,2015.07.27,6081,9.94,지구와 사람과 동물,584696,sangjun0926,80
282,2015.01.12,2015.07.27,6024,9.94,지구와 사람과 동물,584696,sangjun0926,81
301,2015.01.19,2015.07.27,6260,9.94,지구와 사람과 동물,584696,sangjun0926,82
303,2015.01.26,2015.07.27,6799,9.94,지구와 사람과 동물,584696,sangjun0926,83
335,2015.02.02,2015.07.27,6938,9.93,지구와 사람과 동물,584696,sangjun0926,84
304,2015.02.09,2015.07.27,7267,9.93,지구와 사람과 동물,584696,sangjun0926,85
215,2015.02.16,2015.07.27,5042,9.92,지구와 사람과 동물,584696,sangjun0926,86
285,2015.02.23,2015.07.27,6937,9.97,지구와 사람과 동물,584696,sangjun0926,87
241,2015.03.02,2015.07.27,5342,9.84,지구와 사람과 동물,584696,sangjun0926,88
206,2015.03.09,2015.07.27,5053,9.94,지구와 사람과 동물,584696,sangjun0926,89
261,2015.03.16,2015.07.27,5935,9.92,지구와 사람과 동물,584696,sangjun0926,90
182,2015.03.23,2015.07.27,5392,9.89,지구와 사람과 동물,584696,sangjun0926,91
178,2015.03.30,2015.07.27,5831,9.88,지구와 사람과 동물,584696,sangjun0926,92
165,2015.04.06,2015.07.27,4706,9.88,지구와 사람과 동물,584696,sangjun0926,93
233,2015.04.27,2015.07.27,5604,9.88,지구와 사람과 동물,584696,sangjun0926,94
225,2015.05.04,2015.07.27,5058,9.84,지구와 사람과 동물,584696,sangjun0926,95
228,2015.05.11,2015.07.27,4678,9.84,지구와 사람과 동물,584696,sangjun0926,96
253,2015.05.18,2015.07.27,4805,9.77,지구와 사람과 동물,584696,sangjun0926,97
213,2015.06.01,2015.07.27,5423,9.83,지구와 사람과 동물,584696,sangjun0926,98
226,2015.06.08,2015.07.27,4502,9.77,지구와 사람과 동물,584696,sangjun0926,99
162,2015.06.22,2015.07.27,4143,9.77,지구와 사람과 동물,584696,sangjun0926,100
225,2015.07.06,2015.07.27,3541,9.83,지구와 사람과 동물,584696,sangjun0926,101
162,2015.07.20,2015.07.27,2848,9.72,지구와 사람과 동물,584696,sangjun0926,102
79,2015.07.27,2015.07.27,1154,9.75,지구와 사람과 동물,584696,sangjun0926,103
321,2014.11.30,2015.07.27,16546,9.93,디드롭스 (D.drops),641353,santa4ce,2
316,2015.01.05,2015.07.27,16415,9.84,디드롭스 (D.drops),641353,santa4ce,3
262,2015.02.16,2015.07.27,14861,9.86,디드롭스 (D.drops),641353,santa4ce,4
256,2015.02.23,2015.07.27,9332,9.88,디드롭스 (D.drops),641353,santa4ce,5
234,2015.03.02,2015.07.27,8711,9.91,디드롭스 (D.drops),641353,santa4ce,6
266,2015.03.09,2015.07.27,8504,9.92,디드롭스 (D.drops),641353,santa4ce,7
244,2015.03.16,2015.07.27,8265,9.91,디드롭스 (D.drops),641353,santa4ce,8
229,2015.03.23,2015.07.27,8817,9.92,디드롭스 (D.drops),641353,santa4ce,9
238,2015.03.30,2015.07.27,8600,9.92,디드롭스 (D.drops),641353,santa4ce,10
251,2015.04.06,2015.07.27,8058,9.93,디드롭스 (D.drops),641353,santa4ce,11
225,2015.04.13,2015.07.27,7485,9.92,디드롭스 (D.drops),641353,santa4ce,12
207,2015.04.20,2015.07.27,6367,9.91,디드롭스 (D.drops),641353,santa4ce,13
209,2015.04.27,2015.07.27,6450,9.91,디드롭스 (D.drops),641353,santa4ce,14
203,2015.05.04,2015.07.27,5281,9.82,디드롭스 (D.drops),641353,santa4ce,15
176,2015.05.11,2015.07.27,5094,9.91,디드롭스 (D.drops),641353,santa4ce,16
192,2015.05.18,2015.07.27,5532,9.86,디드롭스 (D.drops),641353,santa4ce,17
181,2015.06.01,2015.07.27,4624,9.90,디드롭스 (D.drops),641353,santa4ce,18
184,2015.06.15,2015.07.27,5363,9.86,디드롭스 (D.drops),641353,santa4ce,19
187,2015.06.29,2015.07.27,3375,9.80,디드롭스 (D.drops),641353,santa4ce,20
170,2015.07.13,2015.07.27,4513,9.84,디드롭스 (D.drops),641353,santa4ce,21
119,2015.07.27,2015.07.27,1636,9.84,디드롭스 (D.drops),641353,santa4ce,22
185,2015.03.30,2015.07.27,22479,9.39,GO! 신나고,577683,answer214,18
165,2015.04.06,2015.07.27,18309,9.40,GO! 신나고,577683,answer214,19
151,2015.04.13,2015.07.27,16850,9.38,GO! 신나고,577683,answer214,20
139,2015.04.20,2015.07.27,17766,9.35,GO! 신나고,577683,answer214,21
128,2015.04.27,2015.07.27,16111,9.61,GO! 신나고,577683,answer214,22
139,2015.05.04,2015.07.27,16317,9.55,GO! 신나고,577683,answer214,23
117,2015.05.11,2015.07.27,15766,9.51,GO! 신나고,577683,answer214,24
123,2015.05.18,2015.07.27,15669,9.70,GO! 신나고,577683,answer214,25
132,2015.05.25,2015.07.27,15274,9.73,GO! 신나고,577683,answer214,26
200,2015.06.01,2015.07.27,18254,9.72,GO! 신나고,577683,answer214,27
158,2015.06.08,2015.07.27,14166,9.66,GO! 신나고,577683,answer214,28
163,2015.06.15,2015.07.27,13504,9.90,GO! 신나고,577683,answer214,29
181,2015.06.22,2015.07.27,13442,9.90,GO! 신나고,577683,answer214,30
108,2015.06.29,2015.07.27,13545,9.75,GO! 신나고,577683,answer214,31
91,2015.07.06,2015.07.27,9709,9.51,GO! 신나고,577683,answer214,32
85,2015.07.13,2015.07.27,8815,9.79,GO! 신나고,577683,answer214,33
79,2015.07.20,2015.07.27,9220,9.66,GO! 신나고,577683,answer214,34
51,2015.07.27,2015.07.27,3643,9.65,GO! 신나고,577683,answer214,35
319,2015.03.15,2015.07.27,13215,9.91,"그래, 가끔 하늘을 보자",650908,buruge,2
300,2015.03.16,2015.07.27,13310,9.92,"그래, 가끔 하늘을 보자",650908,buruge,3
265,2015.03.17,2015.07.27,12321,9.93,"그래, 가끔 하늘을 보자",650908,buruge,4
246,2015.03.21,2015.07.27,11757,9.93,"그래, 가끔 하늘을 보자",650908,buruge,5
260,2015.03.23,2015.07.27,11248,9.93,"그래, 가끔 하늘을 보자",650908,buruge,6
270,2015.03.29,2015.07.27,11212,9.90,"그래, 가끔 하늘을 보자",650908,buruge,7
246,2015.04.06,2015.07.27,11728,9.93,"그래, 가끔 하늘을 보자",650908,buruge,8
245,2015.04.13,2015.07.27,11092,9.93,"그래, 가끔 하늘을 보자",650908,buruge,9
239,2015.04.20,2015.07.27,11738,9.89,"그래, 가끔 하늘을 보자",650908,buruge,10
290,2015.04.27,2015.07.27,11406,9.88,"그래, 가끔 하늘을 보자",650908,buruge,11
250,2015.05.04,2015.07.27,10415,9.89,"그래, 가끔 하늘을 보자",650908,buruge,12
246,2015.05.11,2015.07.27,10796,9.89,"그래, 가끔 하늘을 보자",650908,buruge,13
266,2015.05.18,2015.07.27,11064,9.86,"그래, 가끔 하늘을 보자",650908,buruge,14
268,2015.05.25,2015.07.27,10240,9.90,"그래, 가끔 하늘을 보자",650908,buruge,15
354,2015.05.31,2015.07.27,11160,9.90,"그래, 가끔 하늘을 보자",650908,buruge,16
311,2015.06.08,2015.07.27,11682,9.85,"그래, 가끔 하늘을 보자",650908,buruge,17
278,2015.06.15,2015.07.27,10648,9.84,"그래, 가끔 하늘을 보자",650908,buruge,18
270,2015.06.29,2015.07.27,8135,9.89,"그래, 가끔 하늘을 보자",650908,buruge,19
280,2015.07.06,2015.07.27,8483,9.90,"그래, 가끔 하늘을 보자",650908,buruge,20
214,2015.07.13,2015.07.27,5759,9.87,"그래, 가끔 하늘을 보자",650908,buruge,21
225,2015.07.20,2015.07.27,5192,9.83,"그래, 가끔 하늘을 보자",650908,buruge,23
112,2015.07.27,2015.07.27,1706,9.72,"그래, 가끔 하늘을 보자",650908,buruge,24
1090,2015.04.28,2015.07.27,74866,9.88,꽃이 피면 우리는,549034,eun_keke,12
1062,2015.05.05,2015.07.27,48731,9.88,꽃이 피면 우리는,549034,eun_keke,13
927,2015.05.12,2015.07.27,44688,9.90,꽃이 피면 우리는,549034,eun_keke,14
886,2015.05.19,2015.07.27,43413,9.89,꽃이 피면 우리는,549034,eun_keke,15
976,2015.05.25,2015.07.27,41389,9.89,꽃이 피면 우리는,549034,eun_keke,16
862,2015.06.09,2015.07.27,40337,9.89,꽃이 피면 우리는,549034,eun_keke,17
753,2015.06.26,2015.07.27,29542,9.89,꽃이 피면 우리는,549034,eun_keke,18
739,2015.07.14,2015.07.27,22249,9.90,꽃이 피면 우리는,549034,eun_keke,19
455,2015.07.27,2015.07.27,12627,9.87,꽃이 피면 우리는,549034,eun_keke,20
3104,2013.01.30,2015.07.27,151564,9.89,외국 in 한국,536153,wae_hangook,2
2949,2013.02.01,2015.07.27,135314,9.91,외국 in 한국,536153,wae_hangook,3
2912,2013.02.04,2015.07.27,128213,9.91,외국 in 한국,536153,wae_hangook,4
3342,2013.02.06,2015.07.27,124350,9.93,외국 in 한국,536153,wae_hangook,5
3186,2013.02.08,2015.07.27,122357,9.93,외국 in 한국,536153,wae_hangook,6
2977,2013.02.10,2015.07.27,116996,9.92,외국 in 한국,536153,wae_hangook,7
2968,2013.02.11,2015.07.27,118853,9.91,외국 in 한국,536153,wae_hangook,8
2913,2013.02.13,2015.07.27,115007,9.90,외국 in 한국,536153,wae_hangook,9
2730,2013.02.15,2015.07.27,113154,9.93,외국 in 한국,536153,wae_hangook,10
3539,2013.02.18,2015.07.27,110902,9.94,외국 in 한국,536153,wae_hangook,11
3169,2013.02.20,2015.07.27,109148,9.93,외국 in 한국,536153,wae_hangook,12
2814,2013.02.22,2015.07.27,107712,9.93,외국 in 한국,536153,wae_hangook,13
3196,2013.02.25,2015.07.27,106099,9.94,외국 in 한국,536153,wae_hangook,14
2760,2013.02.27,2015.07.27,105160,9.92,외국 in 한국,536153,wae_hangook,15
2871,2013.03.01,2015.07.27,103041,9.93,외국 in 한국,536153,wae_hangook,16
3169,2013.03.04,2015.07.27,100848,9.94,외국 in 한국,536153,wae_hangook,18
2956,2013.03.06,2015.07.27,99031,9.93,외국 in 한국,536153,wae_hangook,19
2904,2013.03.08,2015.07.27,98312,9.92,외국 in 한국,536153,wae_hangook,20
3056,2013.03.11,2015.07.27,97887,9.93,외국 in 한국,536153,wae_hangook,21
3102,2013.03.13,2015.07.27,96914,9.92,외국 in 한국,536153,wae_hangook,22
2992,2013.03.15,2015.07.27,96523,9.92,외국 in 한국,536153,wae_hangook,23
2955,2013.03.18,2015.07.27,96338,9.91,외국 in 한국,536153,wae_hangook,24
2880,2013.03.20,2015.07.27,95685,9.92,외국 in 한국,536153,wae_hangook,25
2784,2013.03.22,2015.07.27,94858,9.92,외국 in 한국,536153,wae_hangook,26
2784,2013.03.25,2015.07.27,94959,9.92,외국 in 한국,536153,wae_hangook,27
2710,2013.03.27,2015.07.27,94622,9.91,외국 in 한국,536153,wae_hangook,28
2634,2013.03.29,2015.07.27,93938,9.90,외국 in 한국,536153,wae_hangook,29
2787,2013.04.01,2015.07.27,92933,9.91,외국 in 한국,536153,wae_hangook,30
2731,2013.04.03,2015.07.27,92538,9.90,외국 in 한국,536153,wae_hangook,31
3114,2013.04.05,2015.07.27,92066,9.91,외국 in 한국,536153,wae_hangook,32
3027,2013.04.08,2015.07.27,91700,9.92,외국 in 한국,536153,wae_hangook,33
2943,2013.04.10,2015.07.27,91104,9.91,외국 in 한국,536153,wae_hangook,34
2759,2013.04.12,2015.07.27,91250,9.91,외국 in 한국,536153,wae_hangook,35
3596,2013.04.15,2015.07.27,95018,9.91,외국 in 한국,536153,wae_hangook,36
3591,2013.04.17,2015.07.27,93283,9.91,외국 in 한국,536153,wae_hangook,37
3166,2013.04.19,2015.07.27,91112,9.90,외국 in 한국,536153,wae_hangook,38
3246,2013.04.22,2015.07.27,89504,9.90,외국 in 한국,536153,wae_hangook,39
3102,2013.04.24,2015.07.27,90031,9.90,외국 in 한국,536153,wae_hangook,41
2774,2013.04.26,2015.07.27,87735,9.90,외국 in 한국,536153,wae_hangook,42
2699,2013.04.29,2015.07.27,87212,9.88,외국 in 한국,536153,wae_hangook,43
3091,2013.05.01,2015.07.27,87871,9.90,외국 in 한국,536153,wae_hangook,44
3728,2013.05.03,2015.07.27,87688,9.91,외국 in 한국,536153,wae_hangook,45
2846,2013.05.06,2015.07.27,85143,9.88,외국 in 한국,536153,wae_hangook,46
2887,2013.05.08,2015.07.27,84975,9.89,외국 in 한국,536153,wae_hangook,47
2669,2013.05.10,2015.07.27,84684,9.88,외국 in 한국,536153,wae_hangook,48
3150,2013.05.13,2015.07.27,83974,9.90,외국 in 한국,536153,wae_hangook,49
3894,2013.05.15,2015.07.27,82641,9.92,외국 in 한국,536153,wae_hangook,50
2901,2013.05.17,2015.07.27,82814,9.88,외국 in 한국,536153,wae_hangook,51
2793,2013.05.20,2015.07.27,79556,9.88,외국 in 한국,536153,wae_hangook,52
2528,2013.05.22,2015.07.27,80602,9.85,외국 in 한국,536153,wae_hangook,53
2295,2013.05.24,2015.07.27,78811,9.85,외국 in 한국,536153,wae_hangook,54
2533,2013.05.27,2015.07.27,78125,9.88,외국 in 한국,536153,wae_hangook,55
3281,2013.05.29,2015.07.27,79014,9.91,외국 in 한국,536153,wae_hangook,56
2648,2013.05.31,2015.07.27,75229,9.90,외국 in 한국,536153,wae_hangook,57
2762,2013.06.03,2015.07.27,76838,9.90,외국 in 한국,536153,wae_hangook,58
2699,2013.06.05,2015.07.27,77867,9.90,외국 in 한국,536153,wae_hangook,59
2654,2013.06.07,2015.07.27,76322,9.91,외국 in 한국,536153,wae_hangook,60
2681,2013.06.10,2015.07.27,76967,9.92,외국 in 한국,536153,wae_hangook,61
2497,2013.06.12,2015.07.27,75596,9.92,외국 in 한국,536153,wae_hangook,62
3142,2013.06.14,2015.07.27,75843,9.93,외국 in 한국,536153,wae_hangook,63
2803,2013.06.17,2015.07.27,75573,9.92,외국 in 한국,536153,wae_hangook,64
2679,2013.06.19,2015.07.27,72741,9.92,외국 in 한국,536153,wae_hangook,65
2600,2013.06.21,2015.07.27,74791,9.90,외국 in 한국,536153,wae_hangook,66
2507,2013.06.24,2015.07.27,72733,9.90,외국 in 한국,536153,wae_hangook,67
2650,2013.06.26,2015.07.27,73768,9.91,외국 in 한국,536153,wae_hangook,68
2396,2013.06.28,2015.07.27,74089,9.91,외국 in 한국,536153,wae_hangook,69
3141,2013.06.29,2015.07.27,76634,9.92,외국 in 한국,536153,wae_hangook,70
3598,2013.08.05,2015.07.27,70086,9.93,외국 in 한국,536153,wae_hangook,71
2769,2013.08.09,2015.07.27,67683,9.93,외국 in 한국,536153,wae_hangook,72
2559,2013.08.12,2015.07.27,66756,9.91,외국 in 한국,536153,wae_hangook,73
2412,2013.08.16,2015.07.27,65832,9.91,외국 in 한국,536153,wae_hangook,74
2474,2013.08.19,2015.07.27,66524,9.91,외국 in 한국,536153,wae_hangook,75
2477,2013.08.23,2015.07.27,66436,9.90,외국 in 한국,536153,wae_hangook,76
2499,2013.08.26,2015.07.27,64989,9.91,외국 in 한국,536153,wae_hangook,77
2219,2013.08.30,2015.07.27,64531,9.90,외국 in 한국,536153,wae_hangook,78
2303,2013.09.02,2015.07.27,63545,9.91,외국 in 한국,536153,wae_hangook,79
2386,2013.09.06,2015.07.27,64744,9.90,외국 in 한국,536153,wae_hangook,80
2438,2013.09.09,2015.07.27,63267,9.88,외국 in 한국,536153,wae_hangook,81
2121,2013.09.13,2015.07.27,60956,9.90,외국 in 한국,536153,wae_hangook,82
2023,2013.09.16,2015.07.27,62515,9.90,외국 in 한국,536153,wae_hangook,83
2472,2013.09.20,2015.07.27,60895,9.91,외국 in 한국,536153,wae_hangook,84
2122,2013.09.23,2015.07.27,62379,9.91,외국 in 한국,536153,wae_hangook,85
2281,2013.09.27,2015.07.27,62220,9.92,외국 in 한국,536153,wae_hangook,86
2169,2013.09.30,2015.07.27,60896,9.90,외국 in 한국,536153,wae_hangook,87
2078,2013.10.04,2015.07.27,57296,9.90,외국 in 한국,536153,wae_hangook,88
2097,2013.10.07,2015.07.27,56694,9.91,외국 in 한국,536153,wae_hangook,89
1731,2013.10.11,2015.07.27,55913,9.88,외국 in 한국,536153,wae_hangook,90
2148,2013.10.14,2015.07.27,56244,9.90,외국 in 한국,536153,wae_hangook,91
2892,2013.10.18,2015.07.27,56992,9.70,외국 in 한국,536153,wae_hangook,92
2200,2013.10.21,2015.07.27,55371,9.91,외국 in 한국,536153,wae_hangook,93
2108,2013.10.25,2015.07.27,54995,9.92,외국 in 한국,536153,wae_hangook,94
1965,2013.10.28,2015.07.27,54968,9.90,외국 in 한국,536153,wae_hangook,95
1897,2013.11.01,2015.07.27,51725,9.72,외국 in 한국,536153,wae_hangook,96
1948,2013.11.04,2015.07.27,54790,9.90,외국 in 한국,536153,wae_hangook,97
1871,2013.11.08,2015.07.27,50236,9.89,외국 in 한국,536153,wae_hangook,98
1833,2013.11.11,2015.07.27,49428,9.91,외국 in 한국,536153,wae_hangook,99
1515,2013.11.15,2015.07.27,49090,9.92,외국 in 한국,536153,wae_hangook,100
1715,2013.11.18,2015.07.27,50938,9.91,외국 in 한국,536153,wae_hangook,101
1903,2013.11.22,2015.07.27,49726,9.93,외국 in 한국,536153,wae_hangook,102
1589,2013.11.25,2015.07.27,50436,9.92,외국 in 한국,536153,wae_hangook,103
1660,2013.11.29,2015.07.27,46807,9.93,외국 in 한국,536153,wae_hangook,104
1837,2013.12.02,2015.07.27,51106,9.89,외국 in 한국,536153,wae_hangook,105
2050,2013.12.06,2015.07.27,49108,9.92,외국 in 한국,536153,wae_hangook,106
1578,2013.12.09,2015.07.27,56303,9.89,외국 in 한국,536153,wae_hangook,107
1623,2013.12.13,2015.07.27,50495,9.90,외국 in 한국,536153,wae_hangook,108
1548,2013.12.16,2015.07.27,56403,9.86,외국 in 한국,536153,wae_hangook,109
1606,2013.12.20,2015.07.27,53590,9.90,외국 in 한국,536153,wae_hangook,110
1948,2013.12.22,2015.07.27,61282,9.89,외국 in 한국,536153,wae_hangook,111
1997,2014.02.11,2015.07.27,52680,9.90,외국 in 한국,536153,wae_hangook,112
1714,2014.02.14,2015.07.27,50718,9.91,외국 in 한국,536153,wae_hangook,113
1526,2014.02.25,2015.07.27,52492,9.88,외국 in 한국,536153,wae_hangook,114
1370,2014.03.07,2015.07.27,49428,9.87,외국 in 한국,536153,wae_hangook,115
1423,2014.03.14,2015.07.27,49806,9.87,외국 in 한국,536153,wae_hangook,116
1423,2014.03.26,2015.07.27,51254,9.86,외국 in 한국,536153,wae_hangook,117
1485,2014.04.12,2015.07.27,52340,9.89,외국 in 한국,536153,wae_hangook,118
1506,2014.04.26,2015.07.27,42545,9.91,외국 in 한국,536153,wae_hangook,119
1315,2014.05.05,2015.07.27,45592,9.91,외국 in 한국,536153,wae_hangook,120
1405,2014.05.15,2015.07.27,45005,9.92,외국 in 한국,536153,wae_hangook,121
1412,2014.05.27,2015.07.27,41771,9.91,외국 in 한국,536153,wae_hangook,122
1560,2014.06.06,2015.07.27,40829,9.92,외국 in 한국,536153,wae_hangook,123
1252,2014.06.15,2015.07.27,39990,9.90,외국 in 한국,536153,wae_hangook,124
1227,2014.06.23,2015.07.27,38842,9.90,외국 in 한국,536153,wae_hangook,125
1451,2014.07.03,2015.07.27,41849,9.89,외국 in 한국,536153,wae_hangook,126
1077,2014.07.06,2015.07.27,37873,9.87,외국 in 한국,536153,wae_hangook,127
1361,2014.07.19,2015.07.27,41183,9.90,외국 in 한국,536153,wae_hangook,128
1117,2014.07.26,2015.07.27,35035,9.89,외국 in 한국,536153,wae_hangook,129
1208,2014.08.05,2015.07.27,36001,9.91,외국 in 한국,536153,wae_hangook,130
1238,2014.08.11,2015.07.27,34135,9.90,외국 in 한국,536153,wae_hangook,131
1225,2014.08.20,2015.07.27,33824,9.91,외국 in 한국,536153,wae_hangook,132
1255,2014.08.25,2015.07.27,36766,9.91,외국 in 한국,536153,wae_hangook,133
1087,2014.09.03,2015.07.27,41984,9.85,외국 in 한국,536153,wae_hangook,135
1080,2014.09.24,2015.07.27,35816,9.92,외국 in 한국,536153,wae_hangook,136
1087,2014.09.30,2015.07.27,34219,9.93,외국 in 한국,536153,wae_hangook,137
1159,2014.10.08,2015.07.27,33045,9.94,외국 in 한국,536153,wae_hangook,139
1104,2014.10.17,2015.07.27,32842,9.91,외국 in 한국,536153,wae_hangook,141
913,2014.10.27,2015.07.27,32537,9.84,외국 in 한국,536153,wae_hangook,142
1075,2014.11.11,2015.07.27,30846,9.93,외국 in 한국,536153,wae_hangook,143
1001,2014.11.21,2015.07.27,26941,9.93,외국 in 한국,536153,wae_hangook,144
887,2014.11.28,2015.07.27,27115,9.92,외국 in 한국,536153,wae_hangook,145
975,2014.12.08,2015.07.27,29872,9.92,외국 in 한국,536153,wae_hangook,146
1079,2014.12.16,2015.07.27,28506,9.92,외국 in 한국,536153,wae_hangook,147
974,2015.01.01,2015.07.27,24011,9.94,외국 in 한국,536153,wae_hangook,148
1140,2015.01.08,2015.07.27,24014,9.90,외국 in 한국,536153,wae_hangook,149
818,2015.01.12,2015.07.27,21876,9.90,외국 in 한국,536153,wae_hangook,150
551,2015.01.13,2015.07.27,20220,9.82,외국 in 한국,536153,wae_hangook,151
924,2015.01.19,2015.07.27,24261,9.91,외국 in 한국,536153,wae_hangook,152
981,2015.01.25,2015.07.27,26032,9.89,외국 in 한국,536153,wae_hangook,153
483,2015.02.02,2015.07.27,19374,9.83,외국 in 한국,536153,wae_hangook,154
839,2015.02.17,2015.07.27,20366,9.88,외국 in 한국,536153,wae_hangook,155
825,2015.02.23,2015.07.27,21741,9.86,외국 in 한국,536153,wae_hangook,156
688,2015.03.03,2015.07.27,21928,9.82,외국 in 한국,536153,wae_hangook,157
725,2015.03.10,2015.07.27,21897,9.82,외국 in 한국,536153,wae_hangook,158
872,2015.03.17,2015.07.27,19693,9.86,외국 in 한국,536153,wae_hangook,159
626,2015.03.31,2015.07.27,19994,9.88,외국 in 한국,536153,wae_hangook,160
637,2015.04.07,2015.07.27,16069,9.87,외국 in 한국,536153,wae_hangook,161
625,2015.04.14,2015.07.27,18031,9.90,외국 in 한국,536153,wae_hangook,162
570,2015.04.27,2015.07.27,17388,9.94,외국 in 한국,536153,wae_hangook,163
497,2015.05.11,2015.07.27,13679,9.91,외국 in 한국,536153,wae_hangook,164
454,2015.05.12,2015.07.27,12934,9.89,외국 in 한국,536153,wae_hangook,165
430,2015.05.13,2015.07.27,13096,9.87,외국 in 한국,536153,wae_hangook,167
434,2015.05.14,2015.07.27,13142,9.89,외국 in 한국,536153,wae_hangook,168
536,2015.05.15,2015.07.27,15247,9.89,외국 in 한국,536153,wae_hangook,169
492,2015.05.26,2015.07.27,16730,9.90,외국 in 한국,536153,wae_hangook,170
570,2015.06.11,2015.07.27,13241,9.90,외국 in 한국,536153,wae_hangook,171
506,2015.06.22,2015.07.27,12425,9.96,외국 in 한국,536153,wae_hangook,172
398,2015.07.13,2015.07.27,8804,9.95,외국 in 한국,536153,wae_hangook,173
232,2015.07.27,2015.07.27,3976,10.00,외국 in 한국,536153,wae_hangook,174
403,2014.06.22,2015.07.27,41764,9.82,틈새의주인,628068,heareall,2
283,2014.06.28,2015.07.27,31674,9.90,틈새의주인,628068,heareall,3
221,2014.07.08,2015.07.27,22578,9.84,틈새의주인,628068,heareall,4
207,2014.07.16,2015.07.27,20574,9.91,틈새의주인,628068,heareall,5
337,2014.07.23,2015.07.27,20087,9.91,틈새의주인,628068,heareall,6
325,2014.07.30,2015.07.27,21545,9.93,틈새의주인,628068,heareall,7
262,2014.08.08,2015.07.27,18272,9.90,틈새의주인,628068,heareall,8
260,2014.08.17,2015.07.27,16751,9.86,틈새의주인,628068,heareall,9
226,2014.08.26,2015.07.27,15895,9.88,틈새의주인,628068,heareall,10
227,2014.09.06,2015.07.27,14807,9.84,틈새의주인,628068,heareall,11
189,2014.09.18,2015.07.27,13152,9.90,틈새의주인,628068,heareall,12
182,2014.10.05,2015.07.27,12289,9.86,틈새의주인,628068,heareall,14
151,2014.10.19,2015.07.27,12557,9.91,틈새의주인,628068,heareall,15
138,2014.11.01,2015.07.27,11073,9.87,틈새의주인,628068,heareall,16
151,2014.11.17,2015.07.27,10050,9.88,틈새의주인,628068,heareall,17
180,2014.11.30,2015.07.27,10164,9.90,틈새의주인,628068,heareall,18
99,2014.12.14,2015.07.27,3774,9.91,틈새의주인,628068,heareall,19
135,2014.12.29,2015.07.27,10335,9.93,틈새의주인,628068,heareall,20
151,2015.01.30,2015.07.27,9517,9.88,틈새의주인,628068,heareall,21
175,2015.02.09,2015.07.27,9454,9.90,틈새의주인,628068,heareall,22
154,2015.02.17,2015.07.27,9845,9.88,틈새의주인,628068,heareall,23
141,2015.03.13,2015.07.27,10467,9.87,틈새의주인,628068,heareall,24
120,2015.03.26,2015.07.27,8701,9.92,틈새의주인,628068,heareall,25
118,2015.04.18,2015.07.27,7731,9.92,틈새의주인,628068,heareall,26
121,2015.05.13,2015.07.27,7048,9.93,틈새의주인,628068,heareall,27
114,2015.05.29,2015.07.27,7693,9.76,틈새의주인,628068,heareall,28
110,2015.06.11,2015.07.27,6475,9.84,틈새의주인,628068,heareall,29
131,2015.07.04,2015.07.27,7867,9.73,틈새의주인,628068,heareall,30
97,2015.07.24,2015.07.27,5060,9.81,틈새의주인,628068,heareall,31
37,2015.07.27,2015.07.27,1950,9.76,틈새의주인,628068,heareall,32
